id_cand_spb,party,,,
161,Алескеров Андрей Энверович (ЗЕЛЁНЫЕ),,,
61,Амосов Михаил Иванович (ЗЕЛЁНЫЕ),,,
51,Андреев Игорь Васильевич (КПРФ),,,
41,Андреева Оксана Вячеславовна (НОВЫЕ ЛЮДИ),,,
42,Анисимов Дмитрий Игоревич (ЯБЛОКО),,,
11,Арно Ольга Сергеевна (НОВЫЕ ЛЮДИ),,,
12,Астахова Наталия Владимировна (ЕДИНАЯ РОССИЯ),,,
231,Атанасова Татьяна Геннадьевна (СПРАВЕДЛИВАЯ РОССИЯ),,,
121,Бабиков Александр Евгеньевич (ЛДПР),,,
13,Бабушкин Евгений Александрович (КПРФ),,,
181,Бадьин Андрей Олегович (НОВЫЕ ЛЮДИ),,,
191,Барышников Михаил Иванович (ЕДИНАЯ РОССИЯ),,,
71,Беликов Всеволод Федорович (ЕДИНАЯ РОССИЯ),,,
131,Белов Александр Юрьевич (ЕДИНАЯ РОССИЯ),,,
62,Беляева Елена Вячеславовна (СПРАВЕДЛИВАЯ РОССИЯ),,,
192,Беляева Ольга Юрьевна (СПРАВЕДЛИВАЯ РОССИЯ),,,
241,Бирюков Роман Игоревич (КПРФ),,,
132,Богачев Алексей Михайлович (КПРФ),,,
141,Богомазова Светлана Олеговна (ЯБЛОКО),,,
122,Бондаренко Николай Леонидович (ЕДИНАЯ РОССИЯ),,,
242,Буторин Михаил Вениаминович (ЯБЛОКО),,,
123,Быкова Виктория Васильевна (НОВЫЕ ЛЮДИ),,,
43,Вавилина Нэлли Юрьевна (СПРАВЕДЛИВАЯ РОССИЯ),,,
151,Василенко Богдан Константинович (НОВЫЕ ЛЮДИ),,,
251,Васильева Мария Владимировна (ЯБЛОКО),,,
111,Веснов Сергей Витальевич (КПРФ),,,
91,Высоцкий Игорь Владимирович (ЕДИНАЯ РОССИЯ),,,
142,Галушко Елена Сергеевна (ЛДПР),,,
112,Гарнец Валерий Николаевич (ЕДИНАЯ РОССИЯ),,,
31,Гладунов Юрий Николаевич (ЕДИНАЯ РОССИЯ),,,
92,Головизин Михаил Сергеевич (ЛДПР),,,
162,Головин Алексей Сергеевич (ЛДПР),,,
152,Голынский Олег Вадимович (ЛДПР),,,
21,Горбань Кристина Евгеньевна (ЛДПР),,,
221,Гранишевский Адриан Витальевич (ЯБЛОКО),,,
232,Громцев Олег Владимирович (НОВЫЕ ЛЮДИ),,,
211,Денисов Геннадий Иванович (КПРФ),,,
32,Дудоладов Глеб Борисович (СПРАВЕДЛИВАЯ РОССИЯ),,,
22,Есипенко Татьяна Вячеславовна (НОВЫЕ ЛЮДИ),,,
222,Жолдасов Виталий Владимирович (ЕДИНАЯ РОССИЯ),,,
243,Журавлёв Александр Иванович (СПРАВЕДЛИВАЯ РОССИЯ),,,
33,Зверев Артём Александрович (ЛДПР),,,
223,Ивлиев Сергей Николаевич (КПРФ),,,
124,Исаев Кирилл Гавриилович (КПРФ),,,
224,Иткин Павел Михайлович (ЛДПР),,,
193,Казаков Денис Николаевич (ЛДПР),,,
194,Казаков Иван Николаевич (КПРФ),,,
212,Казаченко Кирилл Владимирович (ЕДИНАЯ РОССИЯ),,,
14,Киселёв Илья Юрьевич (ЯБЛОКО),,,
163,Киселев Николай Викторович (КПРФ),,,
252,Киселева Елена Юрьевна (ЕДИНАЯ РОССИЯ),,,
253,Кордюкова Марина Александровна (НОВЫЕ ЛЮДИ),,,
254,Королева Ольга Константиновна (ЗЕЛЁНЫЕ),,,
52,Корольков Станислав Александрович (ЛДПР),,,
213,Костик Антон Владимирович (ЯБЛОКО),,,
101,Кривенченко Анатолий Николаевич (СПРАВЕДЛИВАЯ РОССИЯ),,,
164,Кузнецов Алексей Вячеславович (НОВЫЕ ЛЮДИ),,,
63,Куликов Юрий Николаевич (НОВЫЕ ЛЮДИ),,,
64,Кульков Алексей Михайлович (ЕДИНАЯ РОССИЯ),,,
81,Кущак Александр Иванович (ЕДИНАЯ РОССИЯ),,,
182,Латыпов Александр Шамильевич (КПРФ),,,
171,Левин Петр Евгеньевич (ЯБЛОКО),,,
53,Лещев Илья Михайлович (НОВЫЕ ЛЮДИ),,,
244,Лимонова Елена Николаевна (ЛДПР),,,
93,Ложечко Виктор Петрович (СПРАВЕДЛИВАЯ РОССИЯ),,,
34,Луговской Роман Андреевич (КПРФ),,,
245,Лузгин Никита Александрович (ЕДИНАЯ РОССИЯ),,,
201,Макаров Алексей Алексеевич (ЕДИНАЯ РОССИЯ),,,
23,Малиновский Денис Юрьевич (КПРФ),,,
214,Малков Андрей Витальевич (ЛДПР),,,
225,Мамаев Вадим Сергеевич (СПРАВЕДЛИВАЯ РОССИЯ),,,
133,Маслов Дмитрий Олегович (НОВЫЕ ЛЮДИ),,,
102,Матвеев Игорь Борисович (ЛДПР),,,
82,Мельников Игорь Иванович (ЛДПР),,,
94,Миляев Максим Алексеевич (НОВЫЕ ЛЮДИ),,,
172,Михайлов Александр Валерьевич (КПРФ),,,
255,Михайлов Егор Владимирович (КПРФ),,,
233,Никишечкин Александр Леонидович (ЛДПР),,,
54,Никишина Наталия Евгеньевна (ЕДИНАЯ РОССИЯ),,,
165,Никонов Алексей Владимирович (ЕДИНАЯ РОССИЯ),,,
134,Орлов Андрей Михайлович (ЯБЛОКО),,,
72,Осипенко Игорь Валентинович (КПРФ),,,
202,Осмоловский Владимир Александрович (ЛДПР),,,
103,Отсинг Дмитрий Валерьевич (КПРФ),,,
246,Павлов Дмитрий Геннадьевич (НОВЫЕ ЛЮДИ),,,
83,Панов Дмитрий Вячеславович (НОВЫЕ ЛЮДИ),,,
65,Песляк Марина Денисовна (ЯБЛОКО),,,
256,Прокопенко Кирилл Олегович (ЛДПР),,,
135,Пыхтеев Антон Сергеевич (ЛДПР),,,
24,Ржаненков Александр Николаевич (ЕДИНАЯ РОССИЯ),,,
84,Рогинкин Дмитрий Леонидович (СПРАВЕДЛИВАЯ РОССИЯ),,,
143,Рогожкин Александр Дмитриевич (КПРФ),,,
173,Романов Денис Иванович (НОВЫЕ ЛЮДИ),,,
144,Рощина Елизавета Максимовна (НОВЫЕ ЛЮДИ),,,
234,Рудаков Антон Юрьевич (ЕДИНАЯ РОССИЯ),,,
73,Рузайкина Анна Вячеславовна (НОВЫЕ ЛЮДИ),,,
203,Рябко Андрей Юрьевич (КПРФ),,,
145,Сергеева Вера Владимировна (ЕДИНАЯ РОССИЯ),,,
183,Симоненкова Галина Юрьевна (СПРАВЕДЛИВАЯ РОССИЯ),,,
44,Смоктий Николай Иванович (КПРФ),,,
204,Смолина Александра Аркадьевна (СПРАВЕДЛИВАЯ РОССИЯ),,,
174,Соколюк Денис Сергеевич (СПРАВЕДЛИВАЯ РОССИЯ),,,
153,Соловьев Антон Владимирович (ЕДИНАЯ РОССИЯ),,,
74,Стрельцова Лилиана Олеговна (ЛДПР),,,
205,Сутурина Екатерина Николаевна (НОВЫЕ ЛЮДИ),,,
166,Тихонова Надежда Геннадьевна (СПРАВЕДЛИВАЯ РОССИЯ),,,
25,Туманова Ирина Владиславовна (СПРАВЕДЛИВАЯ РОССИЯ),,,
146,Тушин Алексей Александрович (СПРАВЕДЛИВАЯ РОССИЯ),,,
45,Устименко Александр Дмитриевич (ЛДПР),,,
184,Федотов Станислав Владимирович (ЛДПР),,,
104,Фертиков Илья Александрович (ЯБЛОКО),,,
215,Хамитов Артем Рашидович (СПРАВЕДЛИВАЯ РОССИЯ),,,
105,Ходосок Александр Владимирович (ЕДИНАЯ РОССИЯ),,,
206,Хорзов Дмитрий Викторович (ЯБЛОКО),,,
26,Цепилова Ольга Дмитриевна (ЯБЛОКО),,,
185,Цивилёв Алексей Николаевич (ЕДИНАЯ РОССИЯ),,,
66,Чангли Иван Дмитриевич (КПРФ),,,
46,Чебыкин Константин Александрович (ЕДИНАЯ РОССИЯ),,,
47,Черемных Кристина Витальевна (ЗЕЛЁНЫЕ),,,
113,Чернов Андрей Андреевич (ЛДПР),,,
175,Четырбок Денис Александрович (ЕДИНАЯ РОССИЯ),,,
15,Чигирин Кирилл Александрович (ЛДПР),,,
136,Шуринов Сергей Александрович (СПРАВЕДЛИВАЯ РОССИЯ),,,
154,Щелоков Леонид Юрьевич (СПРАВЕДЛИВАЯ РОССИЯ),,,
106,Яркина Юлия Андреевна (НОВЫЕ ЛЮДИ),,,
