oik_spb_id,tik_id,uik_id,УИК,"Кол-во избирателей, внесенныхив списки избирателей"
1,1,1,УИК №1,1486
1,1,2,УИК №2,1404
1,1,3,УИК №3,1929
1,1,4,УИК №4,931
1,1,5,УИК №5,1685
1,1,6,УИК №6,1453
1,1,7,УИК №7,1995
1,1,8,УИК №8,1407
1,1,9,УИК №9,1359
1,1,10,УИК №10,1516
1,1,11,УИК №11,1803
1,1,12,УИК №12,2326
1,1,13,УИК №13,266
1,1,14,УИК №14,2353
1,1,15,УИК №15,1648
1,1,16,УИК №16,1608
1,1,17,УИК №17,1513
1,1,18,УИК №18,1369
1,1,19,УИК №19,1467
1,1,20,УИК №20,1365
1,1,21,УИК №21,1656
1,1,22,УИК №22,1463
1,1,23,УИК №23,1147
1,1,24,УИК №24,1547
1,1,25,УИК №25,1727
1,1,26,УИК №26,882
1,1,30,УИК №30,1237
1,1,31,УИК №31,2717
1,1,2476,УИК №2476,51
1,1,2477,УИК №2477,143
1,1,2478,УИК №2478,44
1,1,2516,УИК №2516,42
1,1,2517,УИК №2517,21
1,1,2518,УИК №2518,9
1,1,2527,УИК №2527,47
1,1,2528,УИК №2528,6
1,16,2180,УИК №2180,1140
1,16,2181,УИК №2181,1901
1,16,2182,УИК №2182,1331
1,16,2183,УИК №2183,1393
1,16,2184,УИК №2184,2015
1,16,2185,УИК №2185,1751
1,16,2186,УИК №2186,1901
1,16,2187,УИК №2187,1271
1,16,2188,УИК №2188,1276
1,16,2189,УИК №2189,1281
1,16,2190,УИК №2190,1415
1,16,2191,УИК №2191,1123
1,16,2192,УИК №2192,1601
1,16,2193,УИК №2193,1842
1,16,2194,УИК №2194,2205
1,16,2195,УИК №2195,1407
1,16,2196,УИК №2196,1702
1,16,2197,УИК №2197,1233
1,16,2198,УИК №2198,1288
1,16,2199,УИК №2199,1593
1,16,2200,УИК №2200,1019
1,16,2201,УИК №2201,1253
1,16,2226,УИК №2226,127
1,31,43,УИК №43,1690
1,31,44,УИК №44,1027
1,31,45,УИК №45,1741
1,31,46,УИК №46,1725
1,31,47,УИК №47,2289
1,31,48,УИК №48,978
1,31,49,УИК №49,1679
1,31,50,УИК №50,2126
1,31,51,УИК №51,1615
1,31,52,УИК №52,2170
1,31,53,УИК №53,2219
1,31,54,УИК №54,2172
1,31,55,УИК №55,1164
1,31,56,УИК №56,2319
1,31,57,УИК №57,2342
1,31,58,УИК №58,179
1,31,59,УИК №59,1851
1,31,60,УИК №60,2153
1,31,61,УИК №61,1537
1,31,88,УИК №88,2547
1,31,89,УИК №89,1727
1,31,90,УИК №90,2478
1,31,91,УИК №91,620
1,41,576,УИК №576,1675
1,41,577,УИК №577,1520
1,41,578,УИК №578,1267
1,41,579,УИК №579,1808
1,41,580,УИК №580,1995
1,41,581,УИК №581,1766
1,41,582,УИК №582,1381
1,41,583,УИК №583,2252
1,41,584,УИК №584,1961
1,41,585,УИК №585,1724
1,41,586,УИК №586,1614
1,41,587,УИК №587,1993
1,41,588,УИК №588,2114
1,41,589,УИК №589,1438
1,41,590,УИК №590,1516
1,41,591,УИК №591,1836
1,41,645,УИК №645,300
2,1,27,УИК №27,1543
2,1,28,УИК №28,1155
2,1,29,УИК №29,1558
2,1,32,УИК №32,1300
2,16,2202,УИК №2202,1709
2,16,2203,УИК №2203,1174
2,16,2204,УИК №2204,1169
2,16,2205,УИК №2205,2011
2,30,2233,УИК №2233,1299
2,30,2234,УИК №2234,1477
2,30,2235,УИК №2235,1783
2,30,2242,УИК №2242,1924
2,30,2245,УИК №2245,2408
2,30,2247,УИК №2247,1719
2,30,2248,УИК №2248,1532
2,30,2249,УИК №2249,1689
2,30,2250,УИК №2250,1239
2,30,2251,УИК №2251,1099
2,30,2252,УИК №2252,1541
2,30,2253,УИК №2253,1890
2,30,2254,УИК №2254,1397
2,30,2256,УИК №2256,2297
2,31,33,УИК №33,2237
2,31,34,УИК №34,1938
2,31,35,УИК №35,1058
2,31,36,УИК №36,1654
2,31,37,УИК №37,990
2,31,38,УИК №38,1638
2,31,39,УИК №39,1824
2,31,40,УИК №40,1799
2,31,41,УИК №41,847
2,31,42,УИК №42,1662
2,60,2035,УИК №2035,1714
2,60,2036,УИК №2036,2095
2,60,2037,УИК №2037,2832
2,60,2038,УИК №2038,2569
2,60,2039,УИК №2039,2858
2,60,2040,УИК №2040,1834
2,60,2041,УИК №2041,1344
2,60,2042,УИК №2042,1834
2,60,2043,УИК №2043,1391
2,60,2044,УИК №2044,3007
2,60,2047,УИК №2047,2709
2,60,2048,УИК №2048,2505
2,60,2049,УИК №2049,2246
2,60,2050,УИК №2050,2061
2,60,2051,УИК №2051,2372
2,60,2052,УИК №2052,2530
2,60,2053,УИК №2053,2222
2,60,2054,УИК №2054,2301
2,64,2206,УИК №2206,1487
2,64,2207,УИК №2207,1216
2,64,2208,УИК №2208,1587
2,64,2209,УИК №2209,1996
2,64,2210,УИК №2210,1986
2,64,2211,УИК №2211,1552
2,64,2212,УИК №2212,1206
2,64,2213,УИК №2213,1544
2,64,2214,УИК №2214,1824
2,64,2215,УИК №2215,2442
2,64,2216,УИК №2216,1328
2,64,2217,УИК №2217,1535
2,64,2218,УИК №2218,1568
2,64,2219,УИК №2219,1910
2,64,2220,УИК №2220,1963
2,64,2221,УИК №2221,1452
2,64,2222,УИК №2222,1553
2,64,2223,УИК №2223,1899
2,64,2224,УИК №2224,1496
2,64,2225,УИК №2225,2174
2,64,2263,УИК №2263,2199
2,64,2266,УИК №2266,1466
2,64,2267,УИК №2267,1297
2,64,2268,УИК №2268,1148
2,64,2269,УИК №2269,1344
2,64,2272,УИК №2272,98
3,9,1793,УИК №1793,1769
3,9,1794,УИК №1794,2254
3,9,1795,УИК №1795,1780
3,9,1796,УИК №1796,1406
3,9,1797,УИК №1797,1553
3,9,1798,УИК №1798,1824
3,9,1799,УИК №1799,1679
3,9,1800,УИК №1800,1861
3,9,1801,УИК №1801,1928
3,9,1802,УИК №1802,2320
3,9,1803,УИК №1803,2409
3,9,1804,УИК №1804,2058
3,9,1805,УИК №1805,2628
3,9,1806,УИК №1806,1827
3,9,1807,УИК №1807,2862
3,9,1808,УИК №1808,2783
3,9,1809,УИК №1809,1438
3,9,1810,УИК №1810,2789
3,9,1859,УИК №1859,4521
3,18,1627,УИК №1627,1466
3,18,1628,УИК №1628,1965
3,18,1629,УИК №1629,1194
3,18,1630,УИК №1630,1254
3,18,1631,УИК №1631,1659
3,18,1632,УИК №1632,2041
3,18,1633,УИК №1633,1449
3,18,1634,УИК №1634,1191
3,18,1635,УИК №1635,1084
3,18,1636,УИК №1636,1642
3,18,1637,УИК №1637,2607
3,18,1638,УИК №1638,2581
3,18,1639,УИК №1639,1451
3,18,1640,УИК №1640,1284
3,18,1641,УИК №1641,1718
3,18,1642,УИК №1642,894
3,18,1643,УИК №1643,1939
3,18,1654,УИК №1654,1876
3,18,1655,УИК №1655,1221
3,18,1656,УИК №1656,2459
3,18,1657,УИК №1657,2880
3,18,1658,УИК №1658,2735
3,18,1659,УИК №1659,3239
3,18,1660,УИК №1660,2202
3,18,1661,УИК №1661,1545
3,18,1662,УИК №1662,1584
3,18,1663,УИК №1663,798
3,18,1664,УИК №1664,1834
3,18,1665,УИК №1665,125
3,18,1666,УИК №1666,3548
3,18,1667,УИК №1667,195
3,18,2355,УИК №2355,0
3,18,2356,УИК №2356,0
3,18,2357,УИК №2357,0
3,18,2358,УИК №2358,0
3,18,2530,УИК №2530,0
3,18,2535,УИК №2535,0
3,18,2538,УИК №2538,0
3,18,2539,УИК №2539,0
3,18,2540,УИК №2540,0
3,18,2544,УИК №2544,0
3,18,2545,УИК №2545,0
3,54,1612,УИК №1612,1241
3,54,1613,УИК №1613,1095
3,54,1614,УИК №1614,1613
3,54,1615,УИК №1615,1541
3,54,1616,УИК №1616,1543
3,54,1617,УИК №1617,1341
3,54,1618,УИК №1618,1185
3,54,1619,УИК №1619,1550
3,54,1620,УИК №1620,1893
3,54,1621,УИК №1621,1619
3,54,1622,УИК №1622,1791
3,54,1623,УИК №1623,1353
3,54,1624,УИК №1624,1576
3,54,1625,УИК №1625,1592
3,54,1626,УИК №1626,910
3,54,1644,УИК №1644,1566
3,54,1645,УИК №1645,1215
3,54,1646,УИК №1646,1687
3,54,1647,УИК №1647,2339
3,54,1648,УИК №1648,1604
3,54,1649,УИК №1649,1326
3,54,1650,УИК №1650,765
3,54,1651,УИК №1651,795
3,54,1652,УИК №1652,1123
3,54,1653,УИК №1653,1395
3,54,1669,УИК №1669,3145
3,58,1812,УИК №1812,2418
3,58,1813,УИК №1813,2497
3,58,1814,УИК №1814,1654
3,58,1815,УИК №1815,1618
3,58,1817,УИК №1817,1874
3,58,1818,УИК №1818,1412
3,58,1819,УИК №1819,2012
3,58,1820,УИК №1820,1412
3,58,1843,УИК №1843,2345
3,58,1844,УИК №1844,1882
3,58,1845,УИК №1845,2348
4,2,158,УИК №158,690
4,2,159,УИК №159,1489
4,2,160,УИК №160,1621
4,2,161,УИК №161,1670
4,2,162,УИК №162,1455
4,2,163,УИК №163,1218
4,2,164,УИК №164,1663
4,2,165,УИК №165,1706
4,2,166,УИК №166,1822
4,2,167,УИК №167,2354
4,2,168,УИК №168,2933
4,2,169,УИК №169,1407
4,2,170,УИК №170,2351
4,2,171,УИК №171,1587
4,2,172,УИК №172,2068
4,2,173,УИК №173,1842
4,2,174,УИК №174,2169
4,2,175,УИК №175,1709
4,2,176,УИК №176,1969
4,2,177,УИК №177,1860
4,2,178,УИК №178,1899
4,2,179,УИК №179,872
4,2,182,УИК №182,2429
4,2,184,УИК №184,2425
4,32,132,УИК №132,2130
4,32,133,УИК №133,1867
4,32,134,УИК №134,1527
4,32,135,УИК №135,1961
4,32,136,УИК №136,1632
4,32,137,УИК №137,1109
4,32,138,УИК №138,1729
4,32,139,УИК №139,1631
4,32,140,УИК №140,1629
4,32,141,УИК №141,1903
4,32,142,УИК №142,1592
4,32,143,УИК №143,1088
4,32,144,УИК №144,1587
4,32,145,УИК №145,2089
4,32,146,УИК №146,1256
4,32,147,УИК №147,1788
4,32,148,УИК №148,2444
4,32,149,УИК №149,1683
4,32,150,УИК №150,1509
4,32,151,УИК №151,1982
4,32,152,УИК №152,1740
4,32,153,УИК №153,2167
4,32,154,УИК №154,1688
4,32,155,УИК №155,1147
4,32,156,УИК №156,2121
4,32,157,УИК №157,1428
4,32,180,УИК №180,1584
4,32,181,УИК №181,2012
4,32,183,УИК №183,2840
4,32,189,УИК №189,2949
4,32,190,УИК №190,583
4,32,191,УИК №191,2695
4,32,198,УИК №198,522
4,32,2483,УИК №2483,1587
4,32,2492,УИК №2492,1591
4,32,2493,УИК №2493,1538
4,32,2512,УИК №2512,1996
4,32,2513,УИК №2513,2132
4,32,2514,УИК №2514,2011
4,32,2515,УИК №2515,2012
4,32,2529,УИК №2529,2024
4,33,104,УИК №104,1535
4,33,105,УИК №105,1707
4,33,106,УИК №106,1367
4,33,107,УИК №107,1354
4,33,108,УИК №108,1461
4,33,109,УИК №109,1533
4,33,110,УИК №110,1483
4,33,111,УИК №111,1406
4,33,112,УИК №112,1113
4,33,113,УИК №113,2118
4,33,114,УИК №114,1134
4,33,115,УИК №115,2129
4,33,116,УИК №116,2255
4,33,117,УИК №117,1701
4,33,118,УИК №118,1684
4,33,119,УИК №119,1935
4,33,120,УИК №120,1675
4,33,121,УИК №121,1508
4,33,122,УИК №122,1352
4,33,123,УИК №123,1585
4,33,124,УИК №124,2588
4,33,125,УИК №125,1921
4,33,126,УИК №126,2301
4,33,127,УИК №127,1678
4,33,128,УИК №128,2724
4,33,129,УИК №129,1563
4,33,130,УИК №130,2007
4,33,131,УИК №131,1394
4,33,2306,УИК №2306,450
4,33,2307,УИК №2307,998
5,11,469,УИК №469,2336
5,11,470,УИК №470,2142
5,11,471,УИК №471,2063
5,11,472,УИК №472,2516
5,11,473,УИК №473,2036
5,11,474,УИК №474,2394
5,11,475,УИК №475,2300
5,11,476,УИК №476,1463
5,11,477,УИК №477,2889
5,11,478,УИК №478,2351
5,11,479,УИК №479,2346
5,11,480,УИК №480,2493
5,11,481,УИК №481,2454
5,11,482,УИК №482,2423
5,11,483,УИК №483,1744
5,22,330,УИК №330,2040
5,22,331,УИК №331,914
5,22,332,УИК №332,2017
5,22,333,УИК №333,1456
5,22,334,УИК №334,2616
5,22,335,УИК №335,3283
5,22,336,УИК №336,1738
5,22,337,УИК №337,1684
5,22,338,УИК №338,3469
5,22,339,УИК №339,1471
5,22,340,УИК №340,1575
5,22,341,УИК №341,1737
5,22,342,УИК №342,2288
5,22,343,УИК №343,3605
5,22,344,УИК №344,1820
5,22,345,УИК №345,1472
5,22,346,УИК №346,1517
5,22,347,УИК №347,2042
5,22,348,УИК №348,1837
5,22,349,УИК №349,1456
5,22,350,УИК №350,2161
5,22,351,УИК №351,1499
5,22,352,УИК №352,1454
5,22,353,УИК №353,1251
5,22,354,УИК №354,2093
5,22,355,УИК №355,1422
5,22,356,УИК №356,1813
5,22,357,УИК №357,1753
5,22,358,УИК №358,1556
5,22,359,УИК №359,1445
5,22,360,УИК №360,999
5,22,361,УИК №361,1539
5,22,362,УИК №362,1772
5,22,363,УИК №363,1578
5,22,364,УИК №364,1660
5,22,365,УИК №365,4412
5,22,366,УИК №366,1210
5,22,367,УИК №367,1258
5,22,368,УИК №368,1917
5,22,369,УИК №369,1814
5,22,370,УИК №370,2224
5,22,371,УИК №371,1926
5,22,372,УИК №372,2813
5,22,373,УИК №373,2075
5,22,374,УИК №374,2661
5,22,375,УИК №375,2343
5,22,376,УИК №376,3224
5,22,377,УИК №377,1497
5,22,402,УИК №402,100
5,22,403,УИК №403,100
5,22,404,УИК №404,100
5,22,405,УИК №405,100
5,22,406,УИК №406,100
5,36,378,УИК №378,2167
5,36,379,УИК №379,1592
5,36,380,УИК №380,2267
5,36,381,УИК №381,1638
5,36,382,УИК №382,1742
5,36,383,УИК №383,2355
5,36,384,УИК №384,1451
5,36,385,УИК №385,2142
5,36,386,УИК №386,2255
5,36,387,УИК №387,2485
5,36,388,УИК №388,2644
5,36,389,УИК №389,1907
5,36,390,УИК №390,1019
5,36,391,УИК №391,2278
5,36,392,УИК №392,1383
5,36,393,УИК №393,1742
5,36,394,УИК №394,1352
5,36,395,УИК №395,1243
5,36,396,УИК №396,2290
5,36,397,УИК №397,2890
5,36,398,УИК №398,1561
5,36,399,УИК №399,1932
5,36,400,УИК №400,1114
5,36,401,УИК №401,1794
5,36,407,УИК №407,0
5,36,408,УИК №408,0
6,11,496,УИК №496,1733
6,11,497,УИК №497,1983
6,11,498,УИК №498,2216
6,11,499,УИК №499,2458
6,11,500,УИК №500,2490
6,11,501,УИК №501,1922
6,11,502,УИК №502,3142
6,11,503,УИК №503,3098
6,11,504,УИК №504,2427
6,11,505,УИК №505,1978
6,11,506,УИК №506,3006
6,37,549,УИК №549,1941
6,37,550,УИК №550,2044
6,37,551,УИК №551,1853
6,37,552,УИК №552,2163
6,37,553,УИК №553,1827
6,37,554,УИК №554,1390
6,37,555,УИК №555,2298
6,37,556,УИК №556,2445
6,37,557,УИК №557,2546
6,37,558,УИК №558,1966
6,37,559,УИК №559,2433
6,37,560,УИК №560,1499
6,37,561,УИК №561,2403
6,37,562,УИК №562,2554
6,37,563,УИК №563,2197
6,37,564,УИК №564,1774
6,37,565,УИК №565,2825
6,37,566,УИК №566,2502
6,37,567,УИК №567,2204
6,37,568,УИК №568,2478
6,37,569,УИК №569,1988
6,37,570,УИК №570,2118
6,37,571,УИК №571,1415
6,38,414,УИК №414,1995
6,38,415,УИК №415,2137
6,38,416,УИК №416,3034
6,38,417,УИК №417,2715
6,38,418,УИК №418,1855
6,38,419,УИК №419,2396
6,38,420,УИК №420,1470
6,38,421,УИК №421,3302
6,38,422,УИК №422,2327
6,38,423,УИК №423,1964
6,38,424,УИК №424,2154
6,38,425,УИК №425,1924
6,38,426,УИК №426,2174
6,38,427,УИК №427,2059
6,38,428,УИК №428,1924
6,38,429,УИК №429,2456
6,38,430,УИК №430,2266
6,38,431,УИК №431,1797
6,38,432,УИК №432,1910
6,38,433,УИК №433,2017
6,38,434,УИК №434,1918
6,38,435,УИК №435,1872
6,38,436,УИК №436,1558
6,38,437,УИК №437,2190
6,38,438,УИК №438,2122
6,38,439,УИК №439,2063
6,38,440,УИК №440,2910
6,38,441,УИК №441,2405
6,38,442,УИК №442,1981
6,38,443,УИК №443,2020
6,38,509,УИК №509,614
6,38,2320,УИК №2320,3292
6,38,2321,УИК №2321,768
6,38,2322,УИК №2322,809
7,4,903,УИК №903,2283
7,4,904,УИК №904,2216
7,4,905,УИК №905,2822
7,4,906,УИК №906,3023
7,4,907,УИК №907,2897
7,4,908,УИК №908,1118
7,4,909,УИК №909,2417
7,4,910,УИК №910,1497
7,4,911,УИК №911,1588
7,4,912,УИК №912,1518
7,4,913,УИК №913,1779
7,4,914,УИК №914,1709
7,4,915,УИК №915,1792
7,4,916,УИК №916,1470
7,4,917,УИК №917,1577
7,4,918,УИК №918,1620
7,4,919,УИК №919,1669
7,4,920,УИК №920,1912
7,4,959,УИК №959,371
7,4,968,УИК №968,291
7,17,512,УИК №512,1841
7,17,513,УИК №513,1136
7,17,514,УИК №514,1760
7,17,515,УИК №515,2552
7,17,516,УИК №516,2206
7,17,517,УИК №517,2147
7,17,518,УИК №518,2698
7,17,519,УИК №519,2060
7,17,520,УИК №520,2763
7,17,521,УИК №521,1615
7,17,522,УИК №522,2670
7,17,523,УИК №523,1980
7,17,524,УИК №524,2515
7,17,525,УИК №525,2300
7,17,526,УИК №526,1490
7,17,527,УИК №527,1897
7,17,528,УИК №528,1808
7,17,529,УИК №529,1964
7,17,530,УИК №530,2084
7,17,531,УИК №531,2154
7,17,573,УИК №573,396
7,17,2283,УИК №2283,2846
7,17,2284,УИК №2284,2711
7,17,2285,УИК №2285,2414
7,17,2286,УИК №2286,411
7,30,2236,УИК №2236,1324
7,30,2237,УИК №2237,2784
7,30,2238,УИК №2238,1809
7,30,2239,УИК №2239,2290
7,30,2240,УИК №2240,2776
7,30,2243,УИК №2243,1754
7,30,2244,УИК №2244,1818
7,30,2484,УИК №2484,1
7,30,2485,УИК №2485,28
7,30,2486,УИК №2486,2
7,30,2491,УИК №2491,5
7,30,2550,УИК №2550,0
7,30,2551,УИК №2551,0
7,44,921,УИК №921,1874
7,44,922,УИК №922,1953
7,44,923,УИК №923,2264
7,44,924,УИК №924,1723
7,44,925,УИК №925,2396
7,44,926,УИК №926,2093
7,44,927,УИК №927,2116
7,44,928,УИК №928,1887
7,44,929,УИК №929,1002
7,44,930,УИК №930,1381
7,44,931,УИК №931,1788
7,44,932,УИК №932,2405
7,44,933,УИК №933,1904
7,44,934,УИК №934,1807
7,44,935,УИК №935,1895
7,44,936,УИК №936,1820
7,44,937,УИК №937,1991
7,44,938,УИК №938,2227
7,44,939,УИК №939,1648
7,44,940,УИК №940,2972
7,44,958,УИК №958,2620
8,25,973,УИК №973,1808
8,25,974,УИК №974,1818
8,25,975,УИК №975,1619
8,25,976,УИК №976,2279
8,25,977,УИК №977,1789
8,25,978,УИК №978,1968
8,25,979,УИК №979,2217
8,25,980,УИК №980,1859
8,25,981,УИК №981,1323
8,25,982,УИК №982,1939
8,25,983,УИК №983,1817
8,25,984,УИК №984,1425
8,25,985,УИК №985,2040
8,25,986,УИК №986,2020
8,25,987,УИК №987,1133
8,25,988,УИК №988,1637
8,25,989,УИК №989,1696
8,25,990,УИК №990,1994
8,25,991,УИК №991,2013
8,25,992,УИК №992,1813
8,25,993,УИК №993,2068
8,25,994,УИК №994,1596
8,25,995,УИК №995,1965
8,25,996,УИК №996,1736
8,25,997,УИК №997,1505
8,25,998,УИК №998,1888
8,25,999,УИК №999,2348
8,25,1000,УИК №1000,2182
8,25,1001,УИК №1001,2442
8,25,1002,УИК №1002,2160
8,25,1003,УИК №1003,1964
8,25,1004,УИК №1004,2336
8,25,1005,УИК №1005,1326
8,25,1006,УИК №1006,1943
8,25,1007,УИК №1007,1583
8,25,1008,УИК №1008,1849
8,25,1009,УИК №1009,1849
8,25,1010,УИК №1010,1845
8,25,1011,УИК №1011,1077
8,25,1012,УИК №1012,1581
8,25,1013,УИК №1013,1837
8,25,1014,УИК №1014,1785
8,25,1015,УИК №1015,1632
8,25,1016,УИК №1016,1757
8,25,1017,УИК №1017,1427
8,25,1018,УИК №1018,2074
8,25,1019,УИК №1019,2193
8,25,1020,УИК №1020,1714
8,25,1021,УИК №1021,2265
8,25,1022,УИК №1022,2006
8,25,1023,УИК №1023,1952
8,25,1053,УИК №1053,1406
8,44,941,УИК №941,2244
8,44,942,УИК №942,1481
8,44,943,УИК №943,1947
8,44,944,УИК №944,2511
8,44,945,УИК №945,2467
8,44,946,УИК №946,1424
8,44,947,УИК №947,1447
8,44,948,УИК №948,1266
8,44,949,УИК №949,1338
8,44,950,УИК №950,2101
8,44,951,УИК №951,1620
8,44,952,УИК №952,1775
8,44,953,УИК №953,1718
8,44,954,УИК №954,1616
8,44,955,УИК №955,1409
8,44,956,УИК №956,2380
8,44,957,УИК №957,2292
8,44,972,УИК №972,54
8,45,1024,УИК №1024,1853
8,45,1025,УИК №1025,1624
8,45,1026,УИК №1026,1960
8,45,1027,УИК №1027,2113
8,45,1028,УИК №1028,1604
8,45,1029,УИК №1029,1780
8,45,1030,УИК №1030,1833
8,45,1031,УИК №1031,1723
8,45,1032,УИК №1032,1450
8,45,1033,УИК №1033,2296
8,45,1034,УИК №1034,1853
8,45,1035,УИК №1035,1604
8,45,1036,УИК №1036,1702
8,45,1037,УИК №1037,1757
8,45,1038,УИК №1038,2115
8,45,1039,УИК №1039,2083
8,45,1040,УИК №1040,1053
8,45,1041,УИК №1041,2067
8,45,1042,УИК №1042,2265
8,45,1043,УИК №1043,1868
8,45,1044,УИК №1044,2190
8,45,1045,УИК №1045,2308
8,45,1046,УИК №1046,2363
8,45,1047,УИК №1047,446
9,5,1508,УИК №1508,438
9,5,1509,УИК №1509,2548
9,5,1510,УИК №1510,2145
9,5,1511,УИК №1511,2707
9,5,1512,УИК №1512,2413
9,5,1513,УИК №1513,2414
9,5,1514,УИК №1514,1836
9,5,1515,УИК №1515,1960
9,5,1516,УИК №1516,2073
9,5,1517,УИК №1517,2644
9,5,1518,УИК №1518,2060
9,5,1519,УИК №1519,2541
9,5,1520,УИК №1520,2539
9,5,1521,УИК №1521,1476
9,5,1522,УИК №1522,1978
9,5,1523,УИК №1523,2188
9,5,1524,УИК №1524,2676
9,5,1525,УИК №1525,2358
9,5,1526,УИК №1526,2497
9,5,1527,УИК №1527,2404
9,5,1528,УИК №1528,2637
9,5,1529,УИК №1529,2596
9,5,1530,УИК №1530,2177
9,5,1531,УИК №1531,2281
9,5,1532,УИК №1532,2781
9,5,1535,УИК №1535,2624
9,5,1536,УИК №1536,2386
9,5,2341,УИК №2341,1799
9,5,2342,УИК №2342,800
9,5,2497,УИК №2497,478
9,5,2498,УИК №2498,432
9,5,2499,УИК №2499,502
9,5,2500,УИК №2500,430
9,5,2501,УИК №2501,431
9,5,2502,УИК №2502,500
9,5,2503,УИК №2503,439
9,5,2519,УИК №2519,431
9,49,1488,УИК №1488,2030
9,49,1489,УИК №1489,1929
9,49,1490,УИК №1490,2309
9,49,1491,УИК №1491,1906
9,49,1492,УИК №1492,2253
9,49,1493,УИК №1493,1907
9,49,1494,УИК №1494,2123
9,49,1495,УИК №1495,2038
9,49,1496,УИК №1496,2381
9,49,1497,УИК №1497,2246
9,49,1498,УИК №1498,2019
9,49,1499,УИК №1499,2318
9,49,1500,УИК №1500,2315
9,49,1501,УИК №1501,1964
9,49,1502,УИК №1502,2148
9,49,1503,УИК №1503,1990
9,49,1504,УИК №1504,2197
9,49,1505,УИК №1505,2244
9,49,1506,УИК №1506,2294
9,49,1507,УИК №1507,1915
9,52,1466,УИК №1466,1706
9,52,1467,УИК №1467,1935
9,52,1468,УИК №1468,1817
9,52,1469,УИК №1469,1927
9,52,1470,УИК №1470,2475
9,52,1471,УИК №1471,1956
9,52,1472,УИК №1472,1678
9,52,1473,УИК №1473,2047
9,52,1474,УИК №1474,2119
9,52,1475,УИК №1475,2235
9,52,1476,УИК №1476,2260
9,52,1477,УИК №1477,2397
9,52,1478,УИК №1478,2130
9,52,1479,УИК №1479,2284
9,52,1480,УИК №1480,2253
9,52,1481,УИК №1481,2103
9,52,1482,УИК №1482,1640
9,52,1483,УИК №1483,1672
9,52,1484,УИК №1484,1486
9,52,1485,УИК №1485,1535
9,52,1486,УИК №1486,1727
9,52,1487,УИК №1487,2160
9,52,1537,УИК №1537,1592
9,52,2359,УИК №2359,2887
9,52,2360,УИК №2360,3119
9,52,2361,УИК №2361,2998
10,13,1239,УИК №1239,2239
10,13,1240,УИК №1240,2828
10,13,1241,УИК №1241,2696
10,13,1242,УИК №1242,2125
10,13,1243,УИК №1243,1226
10,13,1244,УИК №1244,1461
10,13,1245,УИК №1245,1735
10,13,1246,УИК №1246,1367
10,13,1247,УИК №1247,1273
10,13,1248,УИК №1248,1939
10,13,1249,УИК №1249,1241
10,13,1250,УИК №1250,1339
10,13,1251,УИК №1251,1525
10,13,1252,УИК №1252,1685
10,13,1253,УИК №1253,1988
10,13,1254,УИК №1254,1209
10,13,1255,УИК №1255,373
10,13,1256,УИК №1256,926
10,13,1257,УИК №1257,1823
10,13,1258,УИК №1258,2527
10,13,1259,УИК №1259,1201
10,13,1260,УИК №1260,1243
10,13,1261,УИК №1261,492
10,13,1262,УИК №1262,1859
10,13,1263,УИК №1263,1617
10,13,1264,УИК №1264,930
10,13,1265,УИК №1265,1103
10,13,1266,УИК №1266,791
10,13,1267,УИК №1267,1421
10,13,1268,УИК №1268,268
10,13,1269,УИК №1269,215
10,13,1270,УИК №1270,68
10,13,1271,УИК №1271,979
10,13,1272,УИК №1272,598
10,13,1273,УИК №1273,2053
10,13,1274,УИК №1274,244
10,14,289,УИК №289,2090
10,14,290,УИК №290,1943
10,14,291,УИК №291,2363
10,14,292,УИК №292,2180
10,14,293,УИК №293,4089
10,14,294,УИК №294,3649
10,14,295,УИК №295,1195
10,14,296,УИК №296,1198
10,14,297,УИК №297,2573
10,14,298,УИК №298,2390
10,14,299,УИК №299,2614
10,14,300,УИК №300,2697
10,14,301,УИК №301,2612
10,14,302,УИК №302,2328
10,14,303,УИК №303,2298
10,14,304,УИК №304,3408
10,14,305,УИК №305,2392
10,14,306,УИК №306,3097
10,14,307,УИК №307,2361
10,14,308,УИК №308,2651
10,14,309,УИК №309,2863
10,14,310,УИК №310,2976
10,14,311,УИК №311,2283
10,14,312,УИК №312,2718
10,14,313,УИК №313,2112
10,14,314,УИК №314,2913
10,14,315,УИК №315,2201
10,14,316,УИК №316,2419
10,14,317,УИК №317,2232
10,14,318,УИК №318,2333
10,14,319,УИК №319,3561
10,14,320,УИК №320,2342
10,14,321,УИК №321,2703
10,57,1724,УИК №1724,1066
10,57,1725,УИК №1725,1229
10,57,1726,УИК №1726,2201
10,57,1727,УИК №1727,2980
10,57,1728,УИК №1728,2933
10,57,1729,УИК №1729,1200
10,57,1730,УИК №1730,1227
10,57,1906,УИК №1906,1908
10,57,1907,УИК №1907,1872
10,57,1910,УИК №1910,1828
10,57,1911,УИК №1911,1970
10,57,1912,УИК №1912,1885
10,57,1915,УИК №1915,1850
10,57,1916,УИК №1916,1856
10,57,1917,УИК №1917,1920
10,57,1918,УИК №1918,1971
10,57,1919,УИК №1919,2214
10,57,1920,УИК №1920,2078
10,57,1921,УИК №1921,1774
10,57,1922,УИК №1922,1876
10,57,1923,УИК №1923,2511
10,57,1924,УИК №1924,2571
10,57,1926,УИК №1926,1946
10,57,2466,УИК №2466,4064
11,10,221,УИК №221,1668
11,10,222,УИК №222,2039
11,10,223,УИК №223,1621
11,10,224,УИК №224,1437
11,10,225,УИК №225,1882
11,10,226,УИК №226,2314
11,10,227,УИК №227,2264
11,10,228,УИК №228,2122
11,10,229,УИК №229,1831
11,10,230,УИК №230,1629
11,10,231,УИК №231,1580
11,10,232,УИК №232,2621
11,10,233,УИК №233,1644
11,10,234,УИК №234,1879
11,10,235,УИК №235,2069
11,10,236,УИК №236,1799
11,10,237,УИК №237,1844
11,10,238,УИК №238,1652
11,10,239,УИК №239,2889
11,10,240,УИК №240,1656
11,10,241,УИК №241,1830
11,10,242,УИК №242,1703
11,10,243,УИК №243,2225
11,10,244,УИК №244,2007
11,34,199,УИК №199,2003
11,34,200,УИК №200,1821
11,34,201,УИК №201,2408
11,34,202,УИК №202,1956
11,34,203,УИК №203,713
11,34,204,УИК №204,1863
11,34,205,УИК №205,1921
11,34,206,УИК №206,2212
11,34,207,УИК №207,880
11,34,208,УИК №208,1729
11,34,209,УИК №209,1911
11,34,210,УИК №210,2227
11,34,211,УИК №211,2305
11,34,212,УИК №212,2179
11,34,213,УИК №213,2183
11,34,214,УИК №214,2255
11,34,215,УИК №215,2341
11,34,216,УИК №216,1284
11,34,217,УИК №217,2604
11,34,218,УИК №218,2130
11,34,219,УИК №219,2088
11,34,220,УИК №220,1979
11,34,249,УИК №249,3447
11,35,252,УИК №252,2312
11,35,253,УИК №253,2213
11,35,254,УИК №254,1631
11,35,255,УИК №255,2379
11,35,256,УИК №256,2478
11,35,257,УИК №257,1376
11,35,258,УИК №258,2258
11,35,259,УИК №259,2095
11,35,260,УИК №260,1584
11,35,261,УИК №261,2150
11,35,262,УИК №262,797
11,35,263,УИК №263,1925
11,35,264,УИК №264,2246
11,35,265,УИК №265,2536
11,35,266,УИК №266,2163
11,35,267,УИК №267,2677
11,35,268,УИК №268,1709
11,35,269,УИК №269,1409
11,35,270,УИК №270,2343
11,35,271,УИК №271,1645
11,35,272,УИК №272,1925
11,35,273,УИК №273,2155
11,35,274,УИК №274,1921
11,35,275,УИК №275,1934
11,35,276,УИК №276,2193
11,35,277,УИК №277,1285
11,35,278,УИК №278,1979
11,35,279,УИК №279,2442
11,35,280,УИК №280,2275
11,35,281,УИК №281,1669
11,35,282,УИК №282,2887
11,35,283,УИК №283,2106
11,35,284,УИК №284,1872
11,35,285,УИК №285,2185
11,35,286,УИК №286,2431
11,35,287,УИК №287,2117
11,35,288,УИК №288,1175
11,35,2369,УИК №2369,0
11,35,2370,УИК №2370,0
11,35,2532,УИК №2532,0
11,35,2533,УИК №2533,0
11,35,2541,УИК №2541,0
11,35,2542,УИК №2542,0
11,35,2543,УИК №2543,0
11,35,2547,УИК №2547,0
11,35,2549,УИК №2549,0
12,28,1867,УИК №1867,2261
12,28,1868,УИК №1868,2300
12,28,1869,УИК №1869,2545
12,28,1870,УИК №1870,2673
12,28,1871,УИК №1871,1841
12,28,1872,УИК №1872,1956
12,28,1873,УИК №1873,2340
12,28,1874,УИК №1874,1842
12,28,1875,УИК №1875,1588
12,28,1876,УИК №1876,1907
12,28,1877,УИК №1877,2206
12,28,1878,УИК №1878,2153
12,28,1879,УИК №1879,2296
12,28,1880,УИК №1880,2189
12,28,1881,УИК №1881,2176
12,28,1882,УИК №1882,2269
12,28,1883,УИК №1883,2491
12,28,1884,УИК №1884,2655
12,28,1885,УИК №1885,2525
12,28,1886,УИК №1886,1838
12,28,1887,УИК №1887,2152
12,28,1888,УИК №1888,2072
12,28,1889,УИК №1889,2815
12,28,1890,УИК №1890,2546
12,28,1891,УИК №1891,1999
12,28,1892,УИК №1892,2136
12,28,2389,УИК №2389,3001
12,56,1927,УИК №1927,3299
12,56,1928,УИК №1928,2811
12,56,1929,УИК №1929,3316
12,56,1930,УИК №1930,2579
12,56,1931,УИК №1931,2394
12,56,1932,УИК №1932,2468
12,56,1933,УИК №1933,1709
12,56,1934,УИК №1934,1922
12,56,1935,УИК №1935,1780
12,56,1936,УИК №1936,1677
12,56,1937,УИК №1937,2716
12,56,1938,УИК №1938,2380
12,56,1939,УИК №1939,2218
12,56,1940,УИК №1940,2484
12,56,1941,УИК №1941,3462
12,56,1942,УИК №1942,3092
12,56,1943,УИК №1943,3833
12,56,1944,УИК №1944,2904
12,56,1945,УИК №1945,3373
12,56,1946,УИК №1946,3432
12,56,1947,УИК №1947,497
12,56,1948,УИК №1948,558
12,56,2349,УИК №2349,0
12,56,2350,УИК №2350,0
12,56,2395,УИК №2395,4146
12,56,2396,УИК №2396,3540
12,56,2397,УИК №2397,3202
12,56,2398,УИК №2398,3639
12,56,2399,УИК №2399,3604
12,56,2400,УИК №2400,3377
12,56,2401,УИК №2401,2360
12,56,2402,УИК №2402,2621
12,56,2506,УИК №2506,20
12,56,2507,УИК №2507,35
12,56,2508,УИК №2508,9
12,57,1893,УИК №1893,1969
12,57,1894,УИК №1894,2819
12,57,1895,УИК №1895,2310
12,57,1896,УИК №1896,2732
12,57,1897,УИК №1897,2610
12,57,1898,УИК №1898,1858
12,57,1900,УИК №1900,2092
12,57,1901,УИК №1901,1764
12,57,1902,УИК №1902,1903
12,57,1903,УИК №1903,1708
12,57,1904,УИК №1904,1831
12,57,1908,УИК №1908,1815
12,57,1909,УИК №1909,2038
12,57,1913,УИК №1913,1799
12,57,1914,УИК №1914,1719
12,57,1925,УИК №1925,2439
13,12,1731,УИК №1731,2742
13,12,1732,УИК №1732,2606
13,12,1733,УИК №1733,2127
13,12,1734,УИК №1734,2260
13,12,1735,УИК №1735,2064
13,12,1736,УИК №1736,2635
13,12,1737,УИК №1737,2064
13,12,1738,УИК №1738,1852
13,12,1739,УИК №1739,1392
13,12,1740,УИК №1740,1811
13,12,1741,УИК №1741,1902
13,12,1742,УИК №1742,2132
13,12,1743,УИК №1743,1670
13,12,1744,УИК №1744,2551
13,12,1745,УИК №1745,2261
13,12,1746,УИК №1746,1238
13,12,1747,УИК №1747,1890
13,12,1748,УИК №1748,2676
13,12,1749,УИК №1749,2060
13,12,1750,УИК №1750,2108
13,12,1751,УИК №1751,2979
13,12,1752,УИК №1752,2258
13,12,1753,УИК №1753,2450
13,12,1754,УИК №1754,1959
13,12,1755,УИК №1755,2569
13,12,1756,УИК №1756,2698
13,12,1757,УИК №1757,2455
13,12,1758,УИК №1758,2420
13,12,1759,УИК №1759,1694
13,12,1760,УИК №1760,2653
13,12,1761,УИК №1761,2528
13,12,1762,УИК №1762,2611
13,12,1763,УИК №1763,2810
13,12,1764,УИК №1764,2803
13,12,1765,УИК №1765,2741
13,12,1766,УИК №1766,3115
13,12,1767,УИК №1767,2972
13,12,1768,УИК №1768,2513
13,12,1769,УИК №1769,2300
13,12,1770,УИК №1770,2552
13,12,1771,УИК №1771,1800
13,12,1772,УИК №1772,1794
13,12,1773,УИК №1773,1725
13,12,1774,УИК №1774,2684
13,12,1775,УИК №1775,1804
13,12,1776,УИК №1776,1967
13,12,1777,УИК №1777,1766
13,12,1778,УИК №1778,1844
13,12,1779,УИК №1779,2239
13,12,1780,УИК №1780,2154
13,12,1781,УИК №1781,2582
13,12,1782,УИК №1782,2015
13,12,1783,УИК №1783,2108
13,12,1784,УИК №1784,1865
13,12,1785,УИК №1785,1965
13,12,1786,УИК №1786,1845
13,12,1787,УИК №1787,1936
13,12,1788,УИК №1788,3109
13,58,1816,УИК №1816,1109
13,58,1821,УИК №1821,2103
13,58,1822,УИК №1822,1825
13,58,1823,УИК №1823,1947
13,58,1824,УИК №1824,2141
13,58,1825,УИК №1825,2181
13,58,1826,УИК №1826,1762
13,58,1827,УИК №1827,1874
13,58,1828,УИК №1828,2304
13,58,1829,УИК №1829,1523
13,58,1831,УИК №1831,2124
13,58,1832,УИК №1832,2287
13,58,1833,УИК №1833,2153
13,58,1834,УИК №1834,1534
13,58,1835,УИК №1835,2200
13,58,1836,УИК №1836,2145
13,58,1837,УИК №1837,2039
13,58,1838,УИК №1838,2465
13,58,1839,УИК №1839,2236
13,58,1840,УИК №1840,2097
13,58,1841,УИК №1841,1957
13,58,1842,УИК №1842,1175
14,4,901,УИК №901,2023
14,4,902,УИК №902,4025
14,4,960,УИК №960,3060
14,4,961,УИК №961,2969
14,4,962,УИК №962,3060
14,4,963,УИК №963,1719
14,4,964,УИК №964,1495
14,4,965,УИК №965,2642
14,4,966,УИК №966,3043
14,4,967,УИК №967,2345
14,4,2411,УИК №2411,2451
14,4,2412,УИК №2412,3567
14,4,2413,УИК №2413,2444
14,4,2414,УИК №2414,3710
14,11,484,УИК №484,2237
14,11,485,УИК №485,2585
14,11,486,УИК №486,2819
14,11,487,УИК №487,2102
14,11,488,УИК №488,1797
14,11,489,УИК №489,1873
14,11,490,УИК №490,1950
14,11,491,УИК №491,1714
14,11,492,УИК №492,2118
14,11,493,УИК №493,2252
14,11,494,УИК №494,1888
14,11,495,УИК №495,2841
14,39,532,УИК №532,2113
14,39,533,УИК №533,2423
14,39,534,УИК №534,2527
14,39,535,УИК №535,2415
14,39,536,УИК №536,2494
14,39,537,УИК №537,2137
14,39,538,УИК №538,2413
14,39,539,УИК №539,1963
14,39,540,УИК №540,2872
14,39,541,УИК №541,3190
14,39,542,УИК №542,2522
14,39,543,УИК №543,2516
14,39,544,УИК №544,2422
14,39,545,УИК №545,1724
14,39,546,УИК №546,1613
14,39,547,УИК №547,2848
14,39,548,УИК №548,3531
14,39,572,УИК №572,3141
14,39,574,УИК №574,3507
14,39,575,УИК №575,3167
14,39,2311,УИК №2311,3517
14,39,2312,УИК №2312,1792
14,40,444,УИК №444,1546
14,40,445,УИК №445,2588
14,40,446,УИК №446,1707
14,40,447,УИК №447,2233
14,40,448,УИК №448,2349
14,40,449,УИК №449,2455
14,40,450,УИК №450,2149
14,40,451,УИК №451,1971
14,40,452,УИК №452,2299
14,40,453,УИК №453,3212
14,40,454,УИК №454,2111
14,40,455,УИК №455,2049
14,40,456,УИК №456,2227
14,40,457,УИК №457,2150
14,40,458,УИК №458,2344
14,40,459,УИК №459,2408
14,40,460,УИК №460,2117
14,40,461,УИК №461,1924
14,40,462,УИК №462,1351
14,40,463,УИК №463,2058
14,40,464,УИК №464,2091
14,40,465,УИК №465,1867
14,40,466,УИК №466,2194
14,40,467,УИК №467,1851
14,40,468,УИК №468,1827
15,24,1545,УИК №1545,1765
15,24,1546,УИК №1546,2577
15,24,1547,УИК №1547,1659
15,24,1548,УИК №1548,1445
15,24,1549,УИК №1549,1335
15,24,1550,УИК №1550,1680
15,24,1551,УИК №1551,2535
15,24,1552,УИК №1552,1483
15,24,1553,УИК №1553,1636
15,24,1554,УИК №1554,1728
15,24,1555,УИК №1555,1758
15,24,1556,УИК №1556,1816
15,24,2365,УИК №2365,300
15,24,2368,УИК №2368,900
15,30,2255,УИК №2255,1215
15,30,2257,УИК №2257,1752
15,30,2258,УИК №2258,1778
15,30,2259,УИК №2259,1878
15,30,2260,УИК №2260,1701
15,30,2261,УИК №2261,1173
15,30,2262,УИК №2262,1359
15,30,2276,УИК №2276,0
15,50,1443,УИК №1443,1960
15,50,1444,УИК №1444,1731
15,50,1445,УИК №1445,1802
15,50,1446,УИК №1446,1866
15,50,1447,УИК №1447,1883
15,50,1448,УИК №1448,2146
15,50,1449,УИК №1449,1805
15,50,1450,УИК №1450,1690
15,50,1451,УИК №1451,1803
15,50,1452,УИК №1452,1698
15,50,1453,УИК №1453,2473
15,50,1454,УИК №1454,1868
15,50,1455,УИК №1455,2084
15,50,1456,УИК №1456,1650
15,50,1457,УИК №1457,2177
15,50,1458,УИК №1458,2099
15,50,1459,УИК №1459,1627
15,50,1460,УИК №1460,2459
15,50,1461,УИК №1461,1705
15,50,1462,УИК №1462,1805
15,50,1463,УИК №1463,1870
15,50,1464,УИК №1464,1748
15,50,1465,УИК №1465,1879
15,50,2353,УИК №2353,2638
15,50,2354,УИК №2354,2203
15,51,1422,УИК №1422,1751
15,51,1423,УИК №1423,1898
15,51,1424,УИК №1424,1724
15,51,1425,УИК №1425,2094
15,51,1426,УИК №1426,2081
15,51,1427,УИК №1427,1800
15,51,1428,УИК №1428,2316
15,51,1429,УИК №1429,2741
15,51,1430,УИК №1430,1817
15,51,1431,УИК №1431,1525
15,51,1432,УИК №1432,2043
15,51,1433,УИК №1433,1604
15,51,1434,УИК №1434,1935
15,51,1435,УИК №1435,1927
15,51,1436,УИК №1436,1955
15,51,1437,УИК №1437,2084
15,51,1438,УИК №1438,1779
15,51,1439,УИК №1439,2115
15,51,1440,УИК №1440,1795
15,51,1441,УИК №1441,2224
15,51,1442,УИК №1442,2612
15,51,1533,УИК №1533,2835
15,51,1534,УИК №1534,2895
15,51,1538,УИК №1538,2829
15,51,1539,УИК №1539,4317
15,51,1540,УИК №1540,1311
15,64,2264,УИК №2264,1924
15,64,2265,УИК №2265,1302
15,64,2270,УИК №2270,1879
15,64,2271,УИК №2271,0
16,6,1061,УИК №1061,1785
16,6,1062,УИК №1062,1936
16,6,1063,УИК №1063,1925
16,6,1064,УИК №1064,1928
16,6,1065,УИК №1065,1808
16,6,1066,УИК №1066,1824
16,6,1071,УИК №1071,2313
16,6,1072,УИК №1072,2055
16,6,1073,УИК №1073,1758
16,6,1074,УИК №1074,1770
16,6,1075,УИК №1075,1802
16,6,1076,УИК №1076,2187
16,6,1077,УИК №1077,2449
16,6,1078,УИК №1078,1890
16,6,1079,УИК №1079,1651
16,6,1080,УИК №1080,1897
16,6,1081,УИК №1081,2135
16,6,1082,УИК №1082,2208
16,41,592,УИК №592,1251
16,41,593,УИК №593,2355
16,41,594,УИК №594,1408
16,41,595,УИК №595,1384
16,41,596,УИК №596,1571
16,41,597,УИК №597,1938
16,41,598,УИК №598,2091
16,41,599,УИК №599,1267
16,41,600,УИК №600,948
16,41,601,УИК №601,1403
16,41,602,УИК №602,1919
16,41,603,УИК №603,1871
16,41,604,УИК №604,2590
16,41,605,УИК №605,1470
16,41,606,УИК №606,1430
16,41,607,УИК №607,1680
16,41,608,УИК №608,1599
16,41,609,УИК №609,1478
16,41,610,УИК №610,1527
16,47,1103,УИК №1103,2165
16,47,1104,УИК №1104,1732
16,47,1105,УИК №1105,2147
16,47,1106,УИК №1106,2145
16,47,1107,УИК №1107,2296
16,47,1108,УИК №1108,2231
16,47,1109,УИК №1109,1972
16,47,1110,УИК №1110,2283
16,47,1111,УИК №1111,1940
16,47,1112,УИК №1112,2435
16,47,1113,УИК №1113,1765
16,47,1114,УИК №1114,1812
16,47,1115,УИК №1115,2172
16,47,1116,УИК №1116,2421
16,47,1117,УИК №1117,2346
16,47,1118,УИК №1118,1808
16,47,1119,УИК №1119,1977
16,47,1120,УИК №1120,2106
16,47,1121,УИК №1121,2052
16,47,1122,УИК №1122,2122
16,47,1123,УИК №1123,2443
16,47,1124,УИК №1124,1852
16,47,1125,УИК №1125,1990
16,47,1126,УИК №1126,2056
16,47,1127,УИК №1127,2018
16,47,1128,УИК №1128,2275
16,47,1129,УИК №1129,2510
16,47,1130,УИК №1130,2060
16,47,1131,УИК №1131,2395
16,47,1132,УИК №1132,1867
16,47,1133,УИК №1133,2022
16,47,1134,УИК №1134,2507
16,47,1135,УИК №1135,2078
16,47,1136,УИК №1136,2210
16,47,1137,УИК №1137,1912
16,47,1138,УИК №1138,2099
16,47,1139,УИК №1139,2634
16,47,2331,УИК №2331,2320
16,47,2332,УИК №2332,2350
16,47,2333,УИК №2333,1866
16,47,2334,УИК №2334,2414
16,47,2335,УИК №2335,2507
16,47,2336,УИК №2336,2738
16,47,2337,УИК №2337,2859
16,47,2338,УИК №2338,1727
16,47,2339,УИК №2339,1489
16,47,2340,УИК №2340,886
16,47,2418,УИК №2418,1863
16,47,2419,УИК №2419,1652
17,3,611,УИК №611,1791
17,3,612,УИК №612,1715
17,3,613,УИК №613,1661
17,3,614,УИК №614,1590
17,3,615,УИК №615,1403
17,3,616,УИК №616,2375
17,3,617,УИК №617,2625
17,3,618,УИК №618,1223
17,3,619,УИК №619,3048
17,3,620,УИК №620,2503
17,3,621,УИК №621,1756
17,3,622,УИК №622,1943
17,3,623,УИК №623,2231
17,3,624,УИК №624,1754
17,3,625,УИК №625,1725
17,3,626,УИК №626,1553
17,3,627,УИК №627,1443
17,3,628,УИК №628,2078
17,3,629,УИК №629,2040
17,3,630,УИК №630,1774
17,3,631,УИК №631,2137
17,3,632,УИК №632,2539
17,7,633,УИК №633,2352
17,7,634,УИК №634,2362
17,7,635,УИК №635,2065
17,7,636,УИК №636,2030
17,7,637,УИК №637,2242
17,7,638,УИК №638,2151
17,7,639,УИК №639,2382
17,7,640,УИК №640,2358
17,7,641,УИК №641,1870
17,7,642,УИК №642,2384
17,7,643,УИК №643,2738
17,7,644,УИК №644,1912
17,7,787,УИК №787,1799
17,7,788,УИК №788,2352
17,7,789,УИК №789,1897
17,7,790,УИК №790,2153
17,7,791,УИК №791,2087
17,7,792,УИК №792,1922
17,7,793,УИК №793,2359
17,7,794,УИК №794,1725
17,7,795,УИК №795,2243
17,7,796,УИК №796,2634
17,7,797,УИК №797,1931
17,7,798,УИК №798,1975
17,7,799,УИК №799,1859
17,7,800,УИК №800,2387
17,7,801,УИК №801,1429
17,7,802,УИК №802,2273
17,7,803,УИК №803,2186
17,7,804,УИК №804,2133
17,7,805,УИК №805,1751
17,7,806,УИК №806,2602
17,7,807,УИК №807,2227
17,7,808,УИК №808,1903
17,7,809,УИК №809,1893
17,7,810,УИК №810,2422
17,7,811,УИК №811,2518
17,7,812,УИК №812,2103
17,7,813,УИК №813,1876
17,7,814,УИК №814,2760
17,7,1863,УИК №1863,0
17,7,1864,УИК №1864,0
17,7,1865,УИК №1865,0
17,7,2479,УИК №2479,9
17,7,2480,УИК №2480,58
17,42,759,УИК №759,1238
17,42,760,УИК №760,1846
17,42,761,УИК №761,2314
17,42,762,УИК №762,2940
17,42,763,УИК №763,1994
17,42,765,УИК №765,2535
17,42,766,УИК №766,2254
17,42,767,УИК №767,2162
17,42,768,УИК №768,2291
17,42,769,УИК №769,2893
17,42,820,УИК №820,109
18,6,1058,УИК №1058,1844
18,6,1059,УИК №1059,2245
18,6,1060,УИК №1060,1958
18,6,1067,УИК №1067,1729
18,6,1068,УИК №1068,1007
18,6,1069,УИК №1069,2207
18,6,1070,УИК №1070,1576
18,6,1144,УИК №1144,0
18,6,1145,УИК №1145,1800
18,6,1146,УИК №1146,2217
18,6,1147,УИК №1147,1893
18,6,1148,УИК №1148,1844
18,6,1149,УИК №1149,2016
18,6,1150,УИК №1150,2319
18,6,1151,УИК №1151,2023
18,6,1152,УИК №1152,1941
18,6,1153,УИК №1153,2337
18,6,1154,УИК №1154,2116
18,6,1155,УИК №1155,1550
18,6,1156,УИК №1156,1881
18,6,1157,УИК №1157,1679
18,6,1158,УИК №1158,1994
18,6,1159,УИК №1159,1994
18,6,1160,УИК №1160,2441
18,6,1161,УИК №1161,1776
18,6,1162,УИК №1162,1779
18,6,1163,УИК №1163,1679
18,26,1180,УИК №1180,2277
18,26,1181,УИК №1181,2257
18,26,1182,УИК №1182,1903
18,26,1183,УИК №1183,934
18,26,1184,УИК №1184,2390
18,26,1185,УИК №1185,1028
18,26,1186,УИК №1186,1711
18,26,1187,УИК №1187,2143
18,26,1188,УИК №1188,1627
18,26,1189,УИК №1189,1815
18,26,1190,УИК №1190,1939
18,26,1191,УИК №1191,1750
18,26,1193,УИК №1193,1308
18,26,1194,УИК №1194,1706
18,26,1195,УИК №1195,1628
18,26,1196,УИК №1196,1953
18,26,1197,УИК №1197,1452
18,26,1198,УИК №1198,1743
18,26,1199,УИК №1199,1895
18,26,1200,УИК №1200,1623
18,26,1201,УИК №1201,1686
18,26,1202,УИК №1202,1685
18,26,1203,УИК №1203,1772
18,26,1204,УИК №1204,1760
18,26,1205,УИК №1205,1754
18,26,1206,УИК №1206,2142
18,26,1207,УИК №1207,2046
18,26,1208,УИК №1208,1675
18,26,1209,УИК №1209,1473
18,26,1210,УИК №1210,333
18,26,1211,УИК №1211,1703
18,26,1212,УИК №1212,422
18,26,1213,УИК №1213,2200
18,26,1214,УИК №1214,2049
18,26,1215,УИК №1215,2071
18,26,1216,УИК №1216,1973
18,42,757,УИК №757,2038
18,42,758,УИК №758,1828
18,42,764,УИК №764,972
18,42,770,УИК №770,1257
18,42,771,УИК №771,1096
18,42,772,УИК №772,2333
18,42,773,УИК №773,2066
18,42,774,УИК №774,1705
18,42,775,УИК №775,2383
18,42,776,УИК №776,2241
18,42,777,УИК №777,1690
18,42,778,УИК №778,1279
18,42,779,УИК №779,1456
18,42,780,УИК №780,1540
18,42,781,УИК №781,2275
18,42,782,УИК №782,1281
18,42,783,УИК №783,2290
18,42,784,УИК №784,1757
18,42,785,УИК №785,2177
18,42,786,УИК №786,1522
18,46,1165,УИК №1165,1819
18,46,1166,УИК №1166,2054
18,46,1167,УИК №1167,2331
18,46,1168,УИК №1168,2083
18,46,1169,УИК №1169,2231
18,46,1170,УИК №1170,1819
18,46,1172,УИК №1172,330
18,46,1173,УИК №1173,1919
18,46,1174,УИК №1174,1786
18,46,1175,УИК №1175,1844
18,46,1176,УИК №1176,1771
18,46,1177,УИК №1177,1182
18,46,1178,УИК №1178,2259
19,8,1674,УИК №1674,2257
19,8,1675,УИК №1675,1078
19,8,1676,УИК №1676,1551
19,8,1677,УИК №1677,1642
19,8,1679,УИК №1679,2204
19,8,1680,УИК №1680,2302
19,8,1681,УИК №1681,158
19,8,1682,УИК №1682,3168
19,8,1683,УИК №1683,2451
19,8,1684,УИК №1684,2144
19,8,1685,УИК №1685,3047
19,8,1686,УИК №1686,2208
19,8,1687,УИК №1687,1808
19,8,1688,УИК №1688,1567
19,8,1689,УИК №1689,2175
19,8,1690,УИК №1690,2066
19,8,1691,УИК №1691,1680
19,8,1692,УИК №1692,247
19,8,1693,УИК №1693,2576
19,8,1694,УИК №1694,2128
19,8,1695,УИК №1695,2422
19,8,1696,УИК №1696,2261
19,8,1697,УИК №1697,1933
19,8,1698,УИК №1698,1766
19,8,1699,УИК №1699,3756
19,8,1700,УИК №1700,2937
19,8,1701,УИК №1701,2021
19,8,1702,УИК №1702,378
19,8,1703,УИК №1703,3371
19,8,1704,УИК №1704,543
19,15,1220,УИК №1220,2157
19,15,1221,УИК №1221,1607
19,15,1222,УИК №1222,1580
19,15,1223,УИК №1223,1618
19,15,1224,УИК №1224,1171
19,15,1225,УИК №1225,1072
19,15,1226,УИК №1226,1885
19,15,1227,УИК №1227,1841
19,15,1228,УИК №1228,1424
19,15,1229,УИК №1229,1831
19,15,1230,УИК №1230,1780
19,15,1231,УИК №1231,1543
19,15,1232,УИК №1232,1631
19,15,1233,УИК №1233,1170
19,15,1234,УИК №1234,2064
19,15,1235,УИК №1235,1875
19,15,1236,УИК №1236,1848
19,15,1237,УИК №1237,1794
19,15,1238,УИК №1238,2075
19,15,2293,УИК №2293,246
19,15,2295,УИК №2295,483
19,15,2481,УИК №2481,5
19,15,2482,УИК №2482,10
19,15,2487,УИК №2487,33
19,15,2488,УИК №2488,16
19,15,2520,УИК №2520,15
19,15,2521,УИК №2521,28
19,15,2522,УИК №2522,40
19,15,2523,УИК №2523,40
19,15,2524,УИК №2524,28
19,46,1085,УИК №1085,2524
19,46,1086,УИК №1086,2690
19,46,1087,УИК №1087,1998
19,46,1088,УИК №1088,2228
19,46,1089,УИК №1089,1368
19,46,1090,УИК №1090,1360
19,46,1091,УИК №1091,1579
19,46,1092,УИК №1092,1970
19,46,1093,УИК №1093,2245
19,46,1094,УИК №1094,3314
19,46,1095,УИК №1095,1781
19,46,1096,УИК №1096,1724
19,46,1097,УИК №1097,1733
19,46,1098,УИК №1098,2348
19,46,1099,УИК №1099,2571
19,46,1100,УИК №1100,1647
19,46,1101,УИК №1101,1307
19,46,1102,УИК №1102,1793
19,46,1171,УИК №1171,2669
19,46,2323,УИК №2323,3799
19,46,2324,УИК №2324,3309
19,46,2325,УИК №2325,2244
19,46,2326,УИК №2326,2612
19,46,2327,УИК №2327,2893
19,46,2328,УИК №2328,3445
19,46,2329,УИК №2329,3116
19,46,2330,УИК №2330,1556
19,46,2454,УИК №2454,1857
19,55,1706,УИК №1706,2565
19,55,1708,УИК №1708,2938
19,55,1709,УИК №1709,1341
19,55,1710,УИК №1710,1119
19,55,1711,УИК №1711,2153
19,55,1712,УИК №1712,1177
19,55,1713,УИК №1713,1957
19,55,1714,УИК №1714,1709
19,55,1715,УИК №1715,1519
19,55,1716,УИК №1716,1920
19,55,1717,УИК №1717,1607
19,55,1718,УИК №1718,1964
19,55,1719,УИК №1719,1387
19,55,1720,УИК №1720,350
19,55,1721,УИК №1721,1674
19,55,1722,УИК №1722,1924
20,19,1279,УИК №1279,2701
20,19,1280,УИК №1280,1413
20,19,1281,УИК №1281,1654
20,19,1282,УИК №1282,2800
20,19,1283,УИК №1283,1277
20,19,1284,УИК №1284,1716
20,19,1285,УИК №1285,1788
20,19,1286,УИК №1286,1199
20,19,1287,УИК №1287,1095
20,19,1288,УИК №1288,1119
20,19,1289,УИК №1289,1100
20,19,1290,УИК №1290,2018
20,19,1291,УИК №1291,1071
20,19,1292,УИК №1292,1348
20,19,1293,УИК №1293,1112
20,19,1294,УИК №1294,1863
20,19,1295,УИК №1295,1180
20,19,1296,УИК №1296,1415
20,19,1297,УИК №1297,1450
20,19,1298,УИК №1298,2180
20,19,1299,УИК №1299,1575
20,19,1357,УИК №1357,1623
20,19,1358,УИК №1358,2853
20,26,1179,УИК №1179,1062
20,27,1367,УИК №1367,2320
20,27,1368,УИК №1368,1887
20,27,1369,УИК №1369,1850
20,27,1370,УИК №1370,1722
20,27,1371,УИК №1371,2398
20,27,1372,УИК №1372,1320
20,27,1373,УИК №1373,1021
20,27,1374,УИК №1374,1103
20,27,1375,УИК №1375,2406
20,27,1376,УИК №1376,899
20,27,1377,УИК №1377,1397
20,27,1378,УИК №1378,1705
20,27,1379,УИК №1379,2061
20,27,1380,УИК №1380,2897
20,27,1381,УИК №1381,1954
20,27,1382,УИК №1382,1583
20,27,1383,УИК №1383,1913
20,27,1384,УИК №1384,1739
20,27,1385,УИК №1385,1126
20,27,1386,УИК №1386,1500
20,27,1387,УИК №1387,1599
20,27,1388,УИК №1388,1792
20,27,1389,УИК №1389,2378
20,27,1390,УИК №1390,2118
20,27,1391,УИК №1391,2214
20,27,1392,УИК №1392,1829
20,27,1393,УИК №1393,2728
20,27,1394,УИК №1394,2047
20,27,1395,УИК №1395,1237
20,27,1396,УИК №1396,1257
20,27,1397,УИК №1397,1465
20,27,1398,УИК №1398,2250
20,27,1399,УИК №1399,3306
20,27,1400,УИК №1400,1172
20,27,1401,УИК №1401,1665
20,27,1402,УИК №1402,1696
20,27,1403,УИК №1403,2554
20,27,1404,УИК №1404,3137
20,27,1405,УИК №1405,2340
20,27,1406,УИК №1406,2865
20,27,1407,УИК №1407,2773
20,27,1408,УИК №1408,1022
20,27,1409,УИК №1409,2028
20,27,1410,УИК №1410,2580
20,27,1411,УИК №1411,583
20,27,1412,УИК №1412,2329
20,27,1413,УИК №1413,3411
20,27,1414,УИК №1414,3336
20,27,1415,УИК №1415,2007
20,27,1416,УИК №1416,730
20,27,1417,УИК №1417,139
20,27,2378,УИК №2378,0
20,27,2379,УИК №2379,0
20,27,2380,УИК №2380,0
20,27,2509,УИК №2509,6
20,27,2510,УИК №2510,16
20,27,2511,УИК №2511,8
21,19,1300,УИК №1300,2413
21,19,1301,УИК №1301,2209
21,19,1302,УИК №1302,989
21,19,1303,УИК №1303,2205
21,19,1304,УИК №1304,2159
21,19,1305,УИК №1305,1468
21,19,1306,УИК №1306,1475
21,19,1307,УИК №1307,2385
21,19,1308,УИК №1308,2179
21,19,1309,УИК №1309,2182
21,19,1310,УИК №1310,756
21,19,1311,УИК №1311,1261
21,19,1312,УИК №1312,1331
21,19,1313,УИК №1313,2052
21,19,1314,УИК №1314,1841
21,19,1315,УИК №1315,1922
21,19,1316,УИК №1316,2714
21,19,1317,УИК №1317,1994
21,19,1318,УИК №1318,1799
21,19,1319,УИК №1319,2236
21,19,1320,УИК №1320,1594
21,19,1321,УИК №1321,1570
21,19,1322,УИК №1322,2075
21,19,1323,УИК №1323,1796
21,19,1324,УИК №1324,1128
21,19,1354,УИК №1354,1549
21,19,1355,УИК №1355,1889
21,19,1359,УИК №1359,2642
21,48,1325,УИК №1325,1708
21,48,1326,УИК №1326,1421
21,48,1327,УИК №1327,1426
21,48,1328,УИК №1328,1634
21,48,1329,УИК №1329,1761
21,48,1330,УИК №1330,1545
21,48,1331,УИК №1331,984
21,48,1332,УИК №1332,1552
21,48,1333,УИК №1333,1160
21,48,1334,УИК №1334,1142
21,48,1335,УИК №1335,1823
21,48,1336,УИК №1336,2099
21,48,1337,УИК №1337,2850
21,48,1338,УИК №1338,1933
21,48,1339,УИК №1339,1793
21,48,1340,УИК №1340,2425
21,48,1341,УИК №1341,1188
21,48,1342,УИК №1342,1598
21,48,1343,УИК №1343,2776
21,48,1344,УИК №1344,2317
21,48,1345,УИК №1345,2456
21,48,1346,УИК №1346,2183
21,48,1347,УИК №1347,2076
21,48,1348,УИК №1348,2527
21,48,1349,УИК №1349,1962
21,48,1350,УИК №1350,2514
21,48,1351,УИК №1351,3326
21,48,1352,УИК №1352,2731
21,48,1353,УИК №1353,2761
21,48,1361,УИК №1361,2037
21,48,1362,УИК №1362,2899
21,48,1363,УИК №1363,2678
21,48,1364,УИК №1364,3036
21,48,1365,УИК №1365,1473
21,48,1366,УИК №1366,2934
21,48,2461,УИК №2461,98
21,48,2462,УИК №2462,17
21,61,2081,УИК №2081,1812
21,61,2082,УИК №2082,1867
21,61,2083,УИК №2083,1778
21,61,2084,УИК №2084,1734
21,61,2085,УИК №2085,2612
21,61,2086,УИК №2086,1909
21,61,2087,УИК №2087,2797
21,61,2088,УИК №2088,1808
21,61,2089,УИК №2089,1673
21,61,2090,УИК №2090,1627
21,61,2091,УИК №2091,1813
21,61,2092,УИК №2092,1806
21,61,2093,УИК №2093,1775
21,61,2094,УИК №2094,1823
21,61,2095,УИК №2095,2341
21,61,2096,УИК №2096,1790
21,61,2097,УИК №2097,2323
21,61,2098,УИК №2098,1872
21,61,2099,УИК №2099,1721
21,61,2100,УИК №2100,1933
21,61,2101,УИК №2101,226
22,29,2105,УИК №2105,2233
22,29,2106,УИК №2106,2085
22,29,2107,УИК №2107,2833
22,29,2108,УИК №2108,2800
22,29,2110,УИК №2110,2707
22,29,2111,УИК №2111,2755
22,29,2112,УИК №2112,2567
22,29,2113,УИК №2113,2750
22,29,2114,УИК №2114,2779
22,29,2115,УИК №2115,2791
22,29,2116,УИК №2116,2710
22,29,2118,УИК №2118,2889
22,29,2119,УИК №2119,2755
22,29,2120,УИК №2120,2777
22,29,2122,УИК №2122,2832
22,29,2124,УИК №2124,2894
22,29,2125,УИК №2125,2887
22,29,2126,УИК №2126,2829
22,29,2127,УИК №2127,2437
22,29,2128,УИК №2128,2124
22,29,2129,УИК №2129,2648
22,29,2131,УИК №2131,2871
22,29,2133,УИК №2133,2855
22,29,2175,УИК №2175,2729
22,62,1862,УИК №1862,38
22,62,2134,УИК №2134,2849
22,62,2135,УИК №2135,2866
22,62,2137,УИК №2137,3786
22,62,2138,УИК №2138,2951
22,62,2139,УИК №2139,2700
22,62,2140,УИК №2140,2408
22,62,2141,УИК №2141,2724
22,62,2142,УИК №2142,2114
22,62,2144,УИК №2144,2925
22,62,2145,УИК №2145,2780
22,62,2146,УИК №2146,3056
22,62,2148,УИК №2148,2799
22,62,2149,УИК №2149,2765
22,62,2176,УИК №2176,3390
22,62,2177,УИК №2177,2893
22,63,2150,УИК №2150,2638
22,63,2151,УИК №2151,2676
22,63,2152,УИК №2152,1932
22,63,2153,УИК №2153,1709
22,63,2154,УИК №2154,1783
22,63,2155,УИК №2155,2513
22,63,2156,УИК №2156,2031
22,63,2157,УИК №2157,2016
22,63,2158,УИК №2158,1732
22,63,2159,УИК №2159,2420
22,63,2160,УИК №2160,2614
22,63,2161,УИК №2161,2548
22,63,2162,УИК №2162,2545
22,63,2163,УИК №2163,2137
22,63,2164,УИК №2164,2285
22,63,2165,УИК №2165,2116
22,63,2166,УИК №2166,1766
22,63,2167,УИК №2167,2069
22,63,2168,УИК №2168,1618
22,63,2169,УИК №2169,1245
22,63,2170,УИК №2170,1886
22,63,2171,УИК №2171,1974
22,63,2172,УИК №2172,1581
22,63,2173,УИК №2173,2756
22,63,2174,УИК №2174,2404
22,63,2381,УИК №2381,0
22,63,2383,УИК №2383,412
22,63,2384,УИК №2384,309
22,63,2385,УИК №2385,0
22,63,2388,УИК №2388,0
22,63,2475,УИК №2475,5
22,63,2494,УИК №2494,6
23,23,2055,УИК №2055,1846
23,23,2056,УИК №2056,2142
23,23,2057,УИК №2057,2016
23,23,2058,УИК №2058,2428
23,23,2059,УИК №2059,2546
23,23,2060,УИК №2060,1793
23,23,2061,УИК №2061,1954
23,23,2062,УИК №2062,1943
23,23,2063,УИК №2063,1849
23,23,2064,УИК №2064,1917
23,23,2065,УИК №2065,2159
23,23,2066,УИК №2066,1780
23,23,2067,УИК №2067,1691
23,23,2068,УИК №2068,1824
23,23,2069,УИК №2069,1797
23,23,2070,УИК №2070,1472
23,23,2071,УИК №2071,1601
23,23,2072,УИК №2072,1794
23,23,2073,УИК №2073,1823
23,23,2074,УИК №2074,1549
23,23,2075,УИК №2075,1495
23,23,2076,УИК №2076,1448
23,23,2077,УИК №2077,2471
23,23,2078,УИК №2078,2298
23,23,2079,УИК №2079,2537
23,23,2080,УИК №2080,2517
23,24,1557,УИК №1557,1954
23,24,1558,УИК №1558,3158
23,24,1559,УИК №1559,2372
23,24,1560,УИК №1560,1413
23,24,1561,УИК №1561,1573
23,24,1562,УИК №1562,1773
23,24,1563,УИК №1563,1170
23,24,1564,УИК №1564,1393
23,24,1565,УИК №1565,1221
23,24,1566,УИК №1566,1213
23,24,1567,УИК №1567,1380
23,24,1568,УИК №1568,1279
23,24,1569,УИК №1569,1915
23,24,1570,УИК №1570,1719
23,24,1571,УИК №1571,1800
23,24,1572,УИК №1572,2049
23,24,1573,УИК №1573,1842
23,24,1574,УИК №1574,1441
23,24,1575,УИК №1575,1380
23,24,1576,УИК №1576,1698
23,24,1577,УИК №1577,1586
23,24,1578,УИК №1578,2733
23,24,1579,УИК №1579,2704
23,24,1580,УИК №1580,1911
23,24,1581,УИК №1581,1452
23,24,1582,УИК №1582,1421
23,24,1583,УИК №1583,1892
23,24,1584,УИК №1584,1931
23,24,1585,УИК №1585,1785
23,24,2366,УИК №2366,1748
23,24,2367,УИК №2367,1676
23,53,1586,УИК №1586,2748
23,53,1587,УИК №1587,2327
23,53,1588,УИК №1588,2455
23,53,1589,УИК №1589,2122
23,53,1590,УИК №1590,1919
23,53,1591,УИК №1591,1985
23,53,1592,УИК №1592,1807
23,53,1593,УИК №1593,2039
23,53,1594,УИК №1594,1928
23,53,1595,УИК №1595,2450
23,53,1596,УИК №1596,2134
23,53,1597,УИК №1597,2479
23,53,1598,УИК №1598,1766
23,53,1599,УИК №1599,2001
23,53,1600,УИК №1600,1930
23,53,1601,УИК №1601,1764
23,53,1602,УИК №1602,2186
23,53,1603,УИК №1603,2191
23,53,1604,УИК №1604,2064
23,53,1605,УИК №1605,3215
23,53,1606,УИК №1606,3570
23,53,1607,УИК №1607,4347
23,53,2347,УИК №2347,0
23,53,2348,УИК №2348,0
23,53,2495,УИК №2495,240
23,53,2496,УИК №2496,265
23,53,2504,УИК №2504,190
23,53,2505,УИК №2505,215
24,20,1949,УИК №1949,1711
24,20,1950,УИК №1950,2373
24,20,1951,УИК №1951,2195
24,20,1952,УИК №1952,2584
24,20,1953,УИК №1953,2550
24,20,1954,УИК №1954,2331
24,20,1955,УИК №1955,1989
24,20,1956,УИК №1956,1355
24,20,1957,УИК №1957,1828
24,20,1958,УИК №1958,1537
24,20,1959,УИК №1959,1675
24,20,1960,УИК №1960,1844
24,20,1961,УИК №1961,2434
24,20,1962,УИК №1962,1948
24,20,1963,УИК №1963,2702
24,20,1964,УИК №1964,2569
24,20,1965,УИК №1965,2412
24,20,1966,УИК №1966,1839
24,20,1967,УИК №1967,1763
24,20,1968,УИК №1968,1796
24,20,1969,УИК №1969,2105
24,20,1970,УИК №1970,1511
24,20,1971,УИК №1971,2003
24,20,1972,УИК №1972,1682
24,20,1973,УИК №1973,959
24,20,1974,УИК №1974,2535
24,20,1975,УИК №1975,1901
24,20,1976,УИК №1976,1245
24,20,1977,УИК №1977,2994
24,20,1978,УИК №1978,2566
24,20,1979,УИК №1979,1832
24,20,1980,УИК №1980,1520
24,20,1981,УИК №1981,1535
24,20,1982,УИК №1982,2068
24,20,1983,УИК №1983,101
24,20,1984,УИК №1984,2276
24,20,1985,УИК №1985,1285
24,20,1986,УИК №1986,1967
24,20,1987,УИК №1987,313
24,20,1988,УИК №1988,1735
24,20,1989,УИК №1989,1489
24,20,1990,УИК №1990,1265
24,20,1991,УИК №1991,1053
24,20,1992,УИК №1992,2194
24,20,1993,УИК №1993,809
24,20,2010,УИК №2010,3354
24,20,2023,УИК №2023,100
24,20,2024,УИК №2024,874
24,20,2489,УИК №2489,33
24,20,2490,УИК №2490,24
24,20,2531,УИК №2531,1
24,20,2534,УИК №2534,0
24,20,2536,УИК №2536,8
24,20,2537,УИК №2537,0
24,20,2546,УИК №2546,0
24,20,2548,УИК №2548,1
24,59,1994,УИК №1994,2849
24,59,1995,УИК №1995,3419
24,59,1996,УИК №1996,3093
24,59,1997,УИК №1997,3168
24,59,1998,УИК №1998,3910
24,59,1999,УИК №1999,2029
24,59,2000,УИК №2000,3318
24,59,2001,УИК №2001,3409
24,59,2003,УИК №2003,3059
24,59,2004,УИК №2004,2760
24,59,2005,УИК №2005,2699
24,59,2006,УИК №2006,2569
24,59,2007,УИК №2007,2059
24,59,2008,УИК №2008,1941
24,59,2009,УИК №2009,2598
24,59,2011,УИК №2011,3136
24,59,2012,УИК №2012,3039
24,59,2013,УИК №2013,2827
24,59,2014,УИК №2014,3424
24,59,2015,УИК №2015,2783
24,59,2016,УИК №2016,2896
24,59,2017,УИК №2017,3206
24,59,2018,УИК №2018,3438
24,59,2019,УИК №2019,3501
24,59,2020,УИК №2020,2096
24,59,2021,УИК №2021,2002
24,59,2022,УИК №2022,4876
24,59,2028,УИК №2028,3647
24,59,2029,УИК №2029,3057
25,21,826,УИК №826,2133
25,21,827,УИК №827,1825
25,21,828,УИК №828,1848
25,21,829,УИК №829,1960
25,21,830,УИК №830,2021
25,21,831,УИК №831,2232
25,21,832,УИК №832,1949
25,21,833,УИК №833,1963
25,21,834,УИК №834,1889
25,21,835,УИК №835,2425
25,21,836,УИК №836,2207
25,21,837,УИК №837,2415
25,21,838,УИК №838,2183
25,21,839,УИК №839,2390
25,21,840,УИК №840,2332
25,21,841,УИК №841,2072
25,21,842,УИК №842,2250
25,21,843,УИК №843,1307
25,21,844,УИК №844,2427
25,21,845,УИК №845,2798
25,21,846,УИК №846,2186
25,21,847,УИК №847,2411
25,21,848,УИК №848,2492
25,21,849,УИК №849,2110
25,21,850,УИК №850,2269
25,21,851,УИК №851,2036
25,21,852,УИК №852,2061
25,21,853,УИК №853,2044
25,21,854,УИК №854,2184
25,21,855,УИК №855,2090
25,21,856,УИК №856,2012
25,21,857,УИК №857,1689
25,21,858,УИК №858,1963
25,21,859,УИК №859,2109
25,21,860,УИК №860,2184
25,21,861,УИК №861,2019
25,21,862,УИК №862,1716
25,21,863,УИК №863,1741
25,21,864,УИК №864,1850
25,21,865,УИК №865,2259
25,21,866,УИК №866,1928
25,21,867,УИК №867,1834
25,21,868,УИК №868,1822
25,21,869,УИК №869,1801
25,21,870,УИК №870,1908
25,21,871,УИК №871,1765
25,21,872,УИК №872,1598
25,21,873,УИК №873,2070
25,21,874,УИК №874,2344
25,21,875,УИК №875,2467
25,21,893,УИК №893,2095
25,21,894,УИК №894,2428
25,21,895,УИК №895,2859
25,21,896,УИК №896,1181
25,21,897,УИК №897,452
25,43,876,УИК №876,1135
25,43,877,УИК №877,1639
25,43,878,УИК №878,1512
25,43,879,УИК №879,1664
25,43,880,УИК №880,1392
25,43,881,УИК №881,1518
25,43,882,УИК №882,1818
25,43,883,УИК №883,2162
25,43,884,УИК №884,1808
25,43,885,УИК №885,1714
25,43,886,УИК №886,1956
25,43,887,УИК №887,2374
25,43,888,УИК №888,1608
25,43,889,УИК №889,1618
25,43,890,УИК №890,1626
25,43,891,УИК №891,2658
25,43,892,УИК №892,1232
25,43,2372,УИК №2372,0
25,43,2373,УИК №2373,0
25,43,2374,УИК №2374,0
25,43,2525,УИК №2525,72
25,43,2526,УИК №2526,88
25,59,2002,УИК №2002,1699
