id_cand_gd,party,,,,,,,
2111,Житкова Светлана Александровна (ЛДПР),,,,,,,
2112,Кизюкова Анастасия Сергеевна (ЯБЛОКО),,,,,,,
2113,Ложечко Виктор Петрович (СПРАВЕДЛИВАЯ РОССИЯ),,,,,,,
2114,Миляев Максим Алексеевич (НОВЫЕ ЛЮДИ),,,,,,,
2115,Плошкина Надежда Александровна (ЗЕЛЁНЫЕ),,,,,,,
2116,Рахлин Михаил Анатольевич (ЕДИНАЯ РОССИЯ),,,,,,,
2117,Сазонцев Евгений Павлович (КПРФ),,,,,,,
2121,Головин Алексей Сергеевич (ЛДПР),,,,,,,
2122,Денисов Геннадий Иванович (КПРФ),,,,,,,
2123,Зудин Давид Сергеевич (ЯБЛОКО),,,,,,,
2124,Тетердинко Александр Павлович (ЕДИНАЯ РОССИЯ),,,,,,,
2125,Тихонова Надежда Геннадьевна (СПРАВЕДЛИВАЯ РОССИЯ),,,,,,,
2126,Уткина Олеся Владимировна (ЗЕЛЁНЫЕ),,,,,,,
2131,Амосов Михаил Иванович (ЗЕЛЁНЫЕ),,,,,,,
2132,Беликов Всеволод Федорович (ЕДИНАЯ РОССИЯ),,,,,,,
2133,Гинтовт Дмитрий Владимирович (НОВЫЕ ЛЮДИ),,,,,,,
2134,Зверев Артём Александрович (ЛДПР),,,,,,,
2135,Иванова Ирина Владимировна (КПРФ),,,,,,,
2136,Матягин Владимир Васильевич (СПРАВЕДЛИВАЯ РОССИЯ),,,,,,,
2141,Горский Владислав Андреевич (ЗЕЛЁНЫЕ),,,,,,,
2142,Кондратьева Екатерина Владиславовна (ЕДИНАЯ РОССИЯ),,,,,,,
2143,Миронова Наталья Викторовна (СПРАВЕДЛИВАЯ РОССИЯ),,,,,,,
2144,Панов Дмитрий Вячеславович (НОВЫЕ ЛЮДИ),,,,,,,
2145,Скоблов Андрей Валериевич (ЛДПР),,,,,,,
2146,Чангли Иван Дмитриевич (КПРФ),,,,,,,
2151,Бороденчик Вячеслав Иванович (КПРФ),,,,,,,
2152,Быкова Виктория Васильевна (НОВЫЕ ЛЮДИ),,,,,,,
2153,Пыхтеев Антон Сергеевич (ЛДПР),,,,,,,
2154,Татаров Валерий Николаевич (СПРАВЕДЛИВАЯ РОССИЯ),,,,,,,
2155,Цед Николай Григорьевич (ЕДИНАЯ РОССИЯ),,,,,,,
2156,Щебетов Денис Васильевич (ЗЕЛЁНЫЕ),,,,,,,
2157,Юркевич Ольга Изяславовна (ЯБЛОКО),,,,,,,
2161,Амелин Александр Николаевич (ЕДИНАЯ РОССИЯ),,,,,,,
2162,Анисимов Дмитрий Игоревич (ЯБЛОКО),,,,,,,
2163,Куликов Юрий Николаевич (НОВЫЕ ЛЮДИ),,,,,,,
2164,Ловенецкий Сергей Ремович (КПРФ),,,,,,,
2165,Устименко Александр Дмитриевич (ЛДПР),,,,,,,
2166,Черемных Кристина Витальевна (ЗЕЛЁНЫЕ),,,,,,,
2167,Шмаков Илья Владимирович (СПРАВЕДЛИВАЯ РОССИЯ),,,,,,,
2171,Дмитриева Оксана Генриховна (НОВЫЕ ЛЮДИ),,,,,,,
2172,Егорова Любовь Ивановна (ЕДИНАЯ РОССИЯ),,,,,,,
2173,Исаков Виталий Михайлович (ЯБЛОКО),,,,,,,
2174,Клиновицкая Вероника Леонидовна (КОММУНИСТЫ РОССИИ),,,,,,,
2175,Лебедева Марина Евгеньевна (СПРАВЕДЛИВАЯ РОССИЯ),,,,,,,
2176,Михайлов Егор Владимирович (КПРФ),,,,,,,
2177,Прокопенко Кирилл Олегович (ЛДПР),,,,,,,
2178,Сергеев Игорь Борисович (ЗЕЛЁНЫЕ),,,,,,,
2181,Ивлиев Сергей Николаевич (КПРФ),,,,,,,
2182,Кубатьян Григорий Степанович (СПРАВЕДЛИВАЯ РОССИЯ),,,,,,,
2183,Литвяк Сергей Александрович (ЗЕЛЁНЫЕ),,,,,,,
2184,Малков Андрей Витальевич (ЛДПР),,,,,,,
2185,Милонов Виталий Валентинович (ЕДИНАЯ РОССИЯ),,,,,,,
2186,Сутурина Екатерина Николаевна (НОВЫЕ ЛЮДИ),,,,,,,
2187,Хорзов Дмитрий Викторович (ЯБЛОКО),,,,,,,
