oik_gd_id,tik_id,uik_id,УИК,"Кол-во избирателей, внесенныхив списки избирателей"
211,5,1508,УИК №1508,577
211,5,1509,УИК №1509,2572
211,5,1510,УИК №1510,2200
211,5,1511,УИК №1511,2716
211,5,1512,УИК №1512,2417
211,5,1513,УИК №1513,2427
211,5,1514,УИК №1514,1851
211,5,1515,УИК №1515,1992
211,5,1516,УИК №1516,2052
211,5,1517,УИК №1517,2700
211,5,1518,УИК №1518,2065
211,5,1519,УИК №1519,2521
211,5,1520,УИК №1520,2693
211,5,1521,УИК №1521,1541
211,5,1522,УИК №1522,1984
211,5,1523,УИК №1523,2184
211,5,1524,УИК №1524,2677
211,5,1525,УИК №1525,2454
211,5,1526,УИК №1526,2519
211,5,1527,УИК №1527,2398
211,5,1528,УИК №1528,2817
211,5,1529,УИК №1529,2670
211,5,1530,УИК №1530,2232
211,5,1531,УИК №1531,2336
211,5,1532,УИК №1532,2807
211,5,1535,УИК №1535,2615
211,5,1536,УИК №1536,2479
211,5,2341,УИК №2341,1803
211,5,2342,УИК №2342,800
211,24,1545,УИК №1545,1808
211,24,1546,УИК №1546,2630
211,24,1547,УИК №1547,1764
211,24,1548,УИК №1548,1448
211,24,1549,УИК №1549,1353
211,24,1550,УИК №1550,1689
211,24,1551,УИК №1551,2525
211,24,1552,УИК №1552,1556
211,24,1553,УИК №1553,1688
211,24,1554,УИК №1554,1714
211,24,1555,УИК №1555,1798
211,24,1556,УИК №1556,1802
211,24,1557,УИК №1557,1934
211,24,1558,УИК №1558,3155
211,24,1559,УИК №1559,2429
211,24,1560,УИК №1560,1664
211,24,1561,УИК №1561,1637
211,24,1562,УИК №1562,1832
211,24,1563,УИК №1563,1191
211,24,1564,УИК №1564,1425
211,24,1565,УИК №1565,1238
211,24,1566,УИК №1566,1241
211,24,1567,УИК №1567,1360
211,24,1568,УИК №1568,1286
211,24,1569,УИК №1569,1906
211,24,1570,УИК №1570,1715
211,24,1571,УИК №1571,1806
211,24,1572,УИК №1572,2073
211,24,1573,УИК №1573,1865
211,24,1574,УИК №1574,1450
211,24,1575,УИК №1575,1374
211,24,1576,УИК №1576,1742
211,24,1577,УИК №1577,1594
211,24,1578,УИК №1578,2722
211,24,1579,УИК №1579,2955
211,24,1580,УИК №1580,2001
211,24,1581,УИК №1581,1453
211,24,1582,УИК №1582,1421
211,24,1583,УИК №1583,1873
211,24,1584,УИК №1584,1933
211,24,1585,УИК №1585,1878
211,24,2365,УИК №2365,300
211,24,2366,УИК №2366,1804
211,24,2367,УИК №2367,1697
211,24,2368,УИК №2368,900
211,25,973,УИК №973,1817
211,25,974,УИК №974,1813
211,25,975,УИК №975,1620
211,25,976,УИК №976,2267
211,25,977,УИК №977,1809
211,25,978,УИК №978,1956
211,25,979,УИК №979,2194
211,25,980,УИК №980,1846
211,25,981,УИК №981,1323
211,25,982,УИК №982,1937
211,25,983,УИК №983,1800
211,25,984,УИК №984,1435
211,25,985,УИК №985,2043
211,25,986,УИК №986,2063
211,25,987,УИК №987,1127
211,25,988,УИК №988,1631
211,25,989,УИК №989,1706
211,25,990,УИК №990,2018
211,25,991,УИК №991,1985
211,25,992,УИК №992,1792
211,25,993,УИК №993,2048
211,25,994,УИК №994,1572
211,25,995,УИК №995,1978
211,25,996,УИК №996,1766
211,25,997,УИК №997,1510
211,25,998,УИК №998,1905
211,25,999,УИК №999,2324
211,25,1000,УИК №1000,2185
211,25,1001,УИК №1001,2436
211,25,1002,УИК №1002,2246
211,25,1003,УИК №1003,1968
211,25,1004,УИК №1004,2395
211,25,1005,УИК №1005,1384
211,25,1006,УИК №1006,1951
211,25,1007,УИК №1007,1569
211,25,1008,УИК №1008,1837
211,25,1009,УИК №1009,1830
211,25,1010,УИК №1010,1860
211,25,1011,УИК №1011,1075
211,25,1012,УИК №1012,1593
211,25,1013,УИК №1013,1835
211,25,1014,УИК №1014,1774
211,25,1015,УИК №1015,1629
211,25,1016,УИК №1016,1761
211,25,1017,УИК №1017,1424
211,25,1018,УИК №1018,2057
211,25,1019,УИК №1019,2199
211,25,1020,УИК №1020,1703
211,25,1021,УИК №1021,2380
211,25,1022,УИК №1022,2008
211,25,1023,УИК №1023,1964
211,25,1053,УИК №1053,1418
211,44,941,УИК №941,2267
211,44,942,УИК №942,1499
211,44,943,УИК №943,2015
211,44,944,УИК №944,2594
211,44,945,УИК №945,2631
211,44,946,УИК №946,1468
211,44,947,УИК №947,1464
211,44,948,УИК №948,1321
211,44,949,УИК №949,1358
211,44,950,УИК №950,2169
211,44,951,УИК №951,1628
211,44,952,УИК №952,1782
211,44,953,УИК №953,1744
211,44,954,УИК №954,1672
211,44,955,УИК №955,1424
211,44,956,УИК №956,2349
211,44,957,УИК №957,2298
211,44,972,УИК №972,118
211,49,1488,УИК №1488,2121
211,49,1489,УИК №1489,1950
211,49,1490,УИК №1490,2336
211,49,1491,УИК №1491,1910
211,49,1492,УИК №1492,2254
211,49,1493,УИК №1493,1923
211,49,1494,УИК №1494,2217
211,49,1495,УИК №1495,2061
211,49,1496,УИК №1496,2377
211,49,1497,УИК №1497,2258
211,49,1498,УИК №1498,2002
211,49,1499,УИК №1499,2316
211,49,1500,УИК №1500,2419
211,49,1501,УИК №1501,2010
211,49,1502,УИК №1502,2162
211,49,1503,УИК №1503,1982
211,49,1504,УИК №1504,2204
211,49,1505,УИК №1505,2244
211,49,1506,УИК №1506,2310
211,49,1507,УИК №1507,1959
211,50,1443,УИК №1443,1971
211,50,1444,УИК №1444,1752
211,50,1445,УИК №1445,1820
211,50,1446,УИК №1446,1877
211,50,1447,УИК №1447,1896
211,50,1448,УИК №1448,2164
211,50,1449,УИК №1449,1819
211,50,1450,УИК №1450,1701
211,50,1451,УИК №1451,1818
211,50,1452,УИК №1452,1714
211,50,1453,УИК №1453,2491
211,50,1454,УИК №1454,1884
211,50,1455,УИК №1455,2089
211,50,1456,УИК №1456,1670
211,50,1457,УИК №1457,2193
211,50,1458,УИК №1458,2121
211,50,1459,УИК №1459,1635
211,50,1460,УИК №1460,2473
211,50,1461,УИК №1461,1725
211,50,1462,УИК №1462,1817
211,50,1463,УИК №1463,1878
211,50,1464,УИК №1464,1766
211,50,1465,УИК №1465,1909
211,50,2353,УИК №2353,2702
211,50,2354,УИК №2354,2302
211,51,1422,УИК №1422,1770
211,51,1423,УИК №1423,1908
211,51,1424,УИК №1424,1739
211,51,1425,УИК №1425,2114
211,51,1426,УИК №1426,2103
211,51,1427,УИК №1427,1812
211,51,1428,УИК №1428,2338
211,51,1429,УИК №1429,2745
211,51,1430,УИК №1430,1827
211,51,1431,УИК №1431,1531
211,51,1432,УИК №1432,2052
211,51,1433,УИК №1433,1628
211,51,1434,УИК №1434,1941
211,51,1435,УИК №1435,1942
211,51,1436,УИК №1436,1959
211,51,1437,УИК №1437,2088
211,51,1438,УИК №1438,1800
211,51,1439,УИК №1439,2120
211,51,1440,УИК №1440,1801
211,51,1441,УИК №1441,2241
211,51,1442,УИК №1442,2615
211,51,1533,УИК №1533,2844
211,51,1534,УИК №1534,2901
211,51,1538,УИК №1538,2845
211,51,1539,УИК №1539,4325
211,51,1540,УИК №1540,1314
211,52,1466,УИК №1466,1723
211,52,1467,УИК №1467,1957
211,52,1468,УИК №1468,1837
211,52,1469,УИК №1469,1930
211,52,1470,УИК №1470,2467
211,52,1471,УИК №1471,1978
211,52,1472,УИК №1472,1677
211,52,1473,УИК №1473,2069
211,52,1474,УИК №1474,2139
211,52,1475,УИК №1475,2252
211,52,1476,УИК №1476,2292
211,52,1477,УИК №1477,2411
211,52,1478,УИК №1478,2132
211,52,1479,УИК №1479,2291
211,52,1480,УИК №1480,2265
211,52,1481,УИК №1481,2093
211,52,1482,УИК №1482,1666
211,52,1483,УИК №1483,1696
211,52,1484,УИК №1484,1508
211,52,1485,УИК №1485,1550
211,52,1486,УИК №1486,1744
211,52,1487,УИК №1487,2181
211,52,1537,УИК №1537,1744
211,52,2359,УИК №2359,2902
211,52,2360,УИК №2360,3167
211,52,2361,УИК №2361,3171
211,53,1586,УИК №1586,2806
211,53,1587,УИК №1587,2356
211,53,1588,УИК №1588,2469
211,53,1589,УИК №1589,2146
211,53,1590,УИК №1590,1905
211,53,1591,УИК №1591,1974
211,53,1592,УИК №1592,1838
211,53,1593,УИК №1593,2049
211,53,1594,УИК №1594,1911
211,53,1595,УИК №1595,2514
211,53,1596,УИК №1596,2140
211,53,1597,УИК №1597,2485
211,53,1598,УИК №1598,1841
211,53,1599,УИК №1599,2014
211,53,1600,УИК №1600,2086
211,53,1601,УИК №1601,1784
211,53,1602,УИК №1602,2200
211,53,1603,УИК №1603,2205
211,53,1604,УИК №1604,2108
211,53,1605,УИК №1605,3291
211,53,1606,УИК №1606,3647
211,53,1607,УИК №1607,4542
212,6,1058,УИК №1058,1840
212,6,1059,УИК №1059,2229
212,6,1060,УИК №1060,1948
212,6,1061,УИК №1061,1772
212,6,1062,УИК №1062,1931
212,6,1063,УИК №1063,1921
212,6,1064,УИК №1064,1940
212,6,1065,УИК №1065,1803
212,6,1066,УИК №1066,1830
212,6,1067,УИК №1067,1733
212,6,1068,УИК №1068,1005
212,6,1069,УИК №1069,2210
212,6,1070,УИК №1070,1597
212,6,1071,УИК №1071,2331
212,6,1072,УИК №1072,2045
212,6,1073,УИК №1073,1758
212,6,1074,УИК №1074,1777
212,6,1075,УИК №1075,1800
212,6,1076,УИК №1076,2230
212,6,1077,УИК №1077,2420
212,6,1078,УИК №1078,1884
212,6,1079,УИК №1079,1636
212,6,1080,УИК №1080,1954
212,6,1081,УИК №1081,2135
212,6,1082,УИК №1082,2269
212,6,1144,УИК №1144,0
212,6,1145,УИК №1145,1795
212,6,1146,УИК №1146,2199
212,6,1147,УИК №1147,1897
212,6,1148,УИК №1148,1854
212,6,1149,УИК №1149,1999
212,6,1150,УИК №1150,2300
212,6,1151,УИК №1151,2008
212,6,1152,УИК №1152,1938
212,6,1153,УИК №1153,2304
212,6,1154,УИК №1154,2077
212,6,1155,УИК №1155,1558
212,6,1156,УИК №1156,1856
212,6,1157,УИК №1157,1678
212,6,1158,УИК №1158,2020
212,6,1159,УИК №1159,1986
212,6,1160,УИК №1160,2441
212,6,1161,УИК №1161,1760
212,6,1162,УИК №1162,1772
212,6,1163,УИК №1163,1660
212,8,1674,УИК №1674,2333
212,8,1675,УИК №1675,1099
212,8,1676,УИК №1676,1558
212,8,1677,УИК №1677,1653
212,8,1679,УИК №1679,2240
212,8,1680,УИК №1680,2292
212,8,1681,УИК №1681,158
212,8,1682,УИК №1682,3185
212,8,1683,УИК №1683,2450
212,8,1684,УИК №1684,2222
212,8,1685,УИК №1685,3012
212,8,1686,УИК №1686,2213
212,8,1687,УИК №1687,1818
212,8,1688,УИК №1688,1564
212,8,1689,УИК №1689,2199
212,8,1690,УИК №1690,2044
212,8,1691,УИК №1691,1674
212,8,1692,УИК №1692,243
212,8,1693,УИК №1693,2551
212,8,1694,УИК №1694,2130
212,8,1695,УИК №1695,2424
212,8,1696,УИК №1696,2389
212,8,1697,УИК №1697,1929
212,8,1698,УИК №1698,1822
212,8,1699,УИК №1699,3730
212,8,1700,УИК №1700,2978
212,8,1701,УИК №1701,2355
212,8,1702,УИК №1702,442
212,8,1703,УИК №1703,3426
212,8,1704,УИК №1704,543
212,15,1220,УИК №1220,2367
212,15,1221,УИК №1221,1711
212,15,1222,УИК №1222,1584
212,15,1223,УИК №1223,1609
212,15,1224,УИК №1224,1164
212,15,1225,УИК №1225,1069
212,15,1226,УИК №1226,1900
212,15,1227,УИК №1227,1835
212,15,1228,УИК №1228,1424
212,15,1229,УИК №1229,1825
212,15,1230,УИК №1230,1758
212,15,1231,УИК №1231,1530
212,15,1232,УИК №1232,1631
212,15,1233,УИК №1233,1275
212,15,1234,УИК №1234,2068
212,15,1235,УИК №1235,1858
212,15,1236,УИК №1236,1833
212,15,1237,УИК №1237,1769
212,15,1238,УИК №1238,1990
212,15,2293,УИК №2293,293
212,15,2294,УИК №2294,302
212,15,2295,УИК №2295,483
212,26,1179,УИК №1179,1052
212,26,1180,УИК №1180,2246
212,26,1181,УИК №1181,2263
212,26,1182,УИК №1182,1961
212,26,1183,УИК №1183,934
212,26,1184,УИК №1184,2352
212,26,1185,УИК №1185,1014
212,26,1186,УИК №1186,1668
212,26,1187,УИК №1187,2133
212,26,1188,УИК №1188,1611
212,26,1189,УИК №1189,1882
212,26,1190,УИК №1190,2009
212,26,1191,УИК №1191,1873
212,26,1193,УИК №1193,1392
212,26,1194,УИК №1194,1685
212,26,1195,УИК №1195,1628
212,26,1196,УИК №1196,2016
212,26,1197,УИК №1197,1518
212,26,1198,УИК №1198,1757
212,26,1199,УИК №1199,1864
212,26,1200,УИК №1200,1699
212,26,1201,УИК №1201,1716
212,26,1202,УИК №1202,1755
212,26,1203,УИК №1203,1742
212,26,1204,УИК №1204,1718
212,26,1205,УИК №1205,1717
212,26,1206,УИК №1206,2224
212,26,1207,УИК №1207,2025
212,26,1208,УИК №1208,1685
212,26,1209,УИК №1209,1449
212,26,1210,УИК №1210,328
212,26,1211,УИК №1211,1754
212,26,1212,УИК №1212,421
212,26,1213,УИК №1213,2109
212,26,1214,УИК №1214,2053
212,26,1215,УИК №1215,2094
212,26,1216,УИК №1216,1979
212,46,1085,УИК №1085,2528
212,46,1086,УИК №1086,2712
212,46,1087,УИК №1087,1983
212,46,1088,УИК №1088,2243
212,46,1089,УИК №1089,1376
212,46,1090,УИК №1090,1366
212,46,1091,УИК №1091,1583
212,46,1092,УИК №1092,1972
212,46,1093,УИК №1093,2230
212,46,1094,УИК №1094,3250
212,46,1095,УИК №1095,1754
212,46,1096,УИК №1096,1700
212,46,1097,УИК №1097,1740
212,46,1098,УИК №1098,2331
212,46,1099,УИК №1099,2494
212,46,1100,УИК №1100,1657
212,46,1101,УИК №1101,1752
212,46,1102,УИК №1102,1788
212,46,1165,УИК №1165,1826
212,46,1166,УИК №1166,2036
212,46,1167,УИК №1167,2334
212,46,1168,УИК №1168,2096
212,46,1169,УИК №1169,2213
212,46,1170,УИК №1170,1808
212,46,1171,УИК №1171,2676
212,46,1172,УИК №1172,326
212,46,1173,УИК №1173,1918
212,46,1174,УИК №1174,1798
212,46,1175,УИК №1175,1853
212,46,1176,УИК №1176,1778
212,46,1177,УИК №1177,1168
212,46,1178,УИК №1178,2236
212,46,2323,УИК №2323,4102
212,46,2324,УИК №2324,3231
212,46,2325,УИК №2325,2300
212,46,2326,УИК №2326,2661
212,46,2327,УИК №2327,2862
212,46,2328,УИК №2328,3563
212,46,2329,УИК №2329,3363
212,46,2330,УИК №2330,1571
212,46,2454,УИК №2454,1910
212,47,1103,УИК №1103,2159
212,47,1104,УИК №1104,1724
212,47,1105,УИК №1105,2187
212,47,1106,УИК №1106,2151
212,47,1107,УИК №1107,2285
212,47,1108,УИК №1108,2233
212,47,1109,УИК №1109,1967
212,47,1110,УИК №1110,2294
212,47,1111,УИК №1111,1929
212,47,1112,УИК №1112,2433
212,47,1113,УИК №1113,1774
212,47,1114,УИК №1114,1903
212,47,1115,УИК №1115,2167
212,47,1116,УИК №1116,2395
212,47,1117,УИК №1117,2330
212,47,1118,УИК №1118,1829
212,47,1119,УИК №1119,1982
212,47,1120,УИК №1120,2142
212,47,1121,УИК №1121,2037
212,47,1122,УИК №1122,2152
212,47,1123,УИК №1123,2446
212,47,1124,УИК №1124,1894
212,47,1125,УИК №1125,1976
212,47,1126,УИК №1126,2026
212,47,1127,УИК №1127,1980
212,47,1128,УИК №1128,2220
212,47,1129,УИК №1129,2533
212,47,1130,УИК №1130,2132
212,47,1131,УИК №1131,2376
212,47,1132,УИК №1132,1969
212,47,1133,УИК №1133,2011
212,47,1134,УИК №1134,2552
212,47,1135,УИК №1135,2080
212,47,1136,УИК №1136,2223
212,47,1137,УИК №1137,2039
212,47,1138,УИК №1138,2230
212,47,1139,УИК №1139,2576
212,47,2331,УИК №2331,2330
212,47,2332,УИК №2332,2429
212,47,2333,УИК №2333,1862
212,47,2334,УИК №2334,2437
212,47,2335,УИК №2335,2502
212,47,2336,УИК №2336,2698
212,47,2337,УИК №2337,2873
212,47,2338,УИК №2338,1827
212,47,2339,УИК №2339,1489
212,47,2340,УИК №2340,870
212,47,2418,УИК №2418,1832
212,47,2419,УИК №2419,1736
212,55,1706,УИК №1706,2557
212,55,1708,УИК №1708,2923
212,55,1709,УИК №1709,1316
212,55,1710,УИК №1710,1098
212,55,1711,УИК №1711,2169
212,55,1712,УИК №1712,1187
212,55,1713,УИК №1713,1954
212,55,1714,УИК №1714,1683
212,55,1715,УИК №1715,1486
212,55,1716,УИК №1716,1900
212,55,1717,УИК №1717,1674
212,55,1718,УИК №1718,1958
212,55,1719,УИК №1719,1406
212,55,1720,УИК №1720,350
212,55,1721,УИК №1721,1663
212,55,1722,УИК №1722,1942
213,14,289,УИК №289,1965
213,14,290,УИК №290,1963
213,14,291,УИК №291,2634
213,14,292,УИК №292,2197
213,14,293,УИК №293,4143
213,14,294,УИК №294,3639
213,14,295,УИК №295,1206
213,14,296,УИК №296,1176
213,14,297,УИК №297,2536
213,14,298,УИК №298,2334
213,14,299,УИК №299,2587
213,14,300,УИК №300,2652
213,14,301,УИК №301,2539
213,14,302,УИК №302,2490
213,14,303,УИК №303,2332
213,14,304,УИК №304,3368
213,14,305,УИК №305,2662
213,14,306,УИК №306,3188
213,14,307,УИК №307,2395
213,14,308,УИК №308,2644
213,14,309,УИК №309,2870
213,14,310,УИК №310,2978
213,14,311,УИК №311,2336
213,14,312,УИК №312,2741
213,14,313,УИК №313,2286
213,14,314,УИК №314,2917
213,14,315,УИК №315,2407
213,14,316,УИК №316,2571
213,14,317,УИК №317,2234
213,14,318,УИК №318,2486
213,14,319,УИК №319,3686
213,14,320,УИК №320,2369
213,14,321,УИК №321,2734
213,16,2184,УИК №2184,2076
213,16,2185,УИК №2185,1773
213,16,2186,УИК №2186,1970
213,16,2187,УИК №2187,1302
213,16,2188,УИК №2188,1307
213,16,2189,УИК №2189,1286
213,16,2190,УИК №2190,1462
213,16,2191,УИК №2191,1169
213,16,2192,УИК №2192,1597
213,16,2193,УИК №2193,1902
213,16,2194,УИК №2194,2287
213,16,2195,УИК №2195,1497
213,16,2196,УИК №2196,1710
213,16,2197,УИК №2197,1273
213,16,2198,УИК №2198,1321
213,16,2199,УИК №2199,1712
213,16,2200,УИК №2200,1081
213,16,2201,УИК №2201,1302
213,16,2226,УИК №2226,314
213,18,1627,УИК №1627,1521
213,18,1628,УИК №1628,1974
213,18,1629,УИК №1629,1219
213,18,1630,УИК №1630,1303
213,18,1631,УИК №1631,1673
213,18,1632,УИК №1632,2085
213,18,1633,УИК №1633,1489
213,18,1634,УИК №1634,1287
213,18,1635,УИК №1635,1217
213,18,1636,УИК №1636,1763
213,18,1637,УИК №1637,2781
213,18,1638,УИК №1638,2619
213,18,1639,УИК №1639,1581
213,18,1640,УИК №1640,1374
213,18,1641,УИК №1641,1757
213,18,1642,УИК №1642,949
213,18,1643,УИК №1643,1965
213,18,1654,УИК №1654,1925
213,18,1655,УИК №1655,1198
213,18,1656,УИК №1656,2514
213,18,1657,УИК №1657,2872
213,18,1658,УИК №1658,2770
213,18,1659,УИК №1659,3360
213,18,1660,УИК №1660,2268
213,18,1661,УИК №1661,1555
213,18,1662,УИК №1662,1589
213,18,1663,УИК №1663,801
213,18,1664,УИК №1664,1857
213,18,1665,УИК №1665,200
213,18,1666,УИК №1666,3548
213,18,1667,УИК №1667,462
213,22,330,УИК №330,2090
213,22,331,УИК №331,961
213,22,332,УИК №332,2016
213,22,333,УИК №333,1551
213,22,334,УИК №334,2669
213,22,335,УИК №335,3756
213,22,336,УИК №336,1801
213,22,337,УИК №337,1897
213,22,338,УИК №338,3511
213,22,339,УИК №339,1496
213,22,340,УИК №340,2170
213,22,341,УИК №341,1807
213,22,342,УИК №342,2359
213,22,343,УИК №343,3687
213,22,344,УИК №344,1822
213,22,345,УИК №345,1507
213,22,346,УИК №346,1555
213,22,347,УИК №347,2098
213,22,348,УИК №348,1839
213,22,349,УИК №349,1564
213,22,350,УИК №350,2218
213,22,351,УИК №351,1523
213,22,352,УИК №352,1453
213,22,353,УИК №353,1306
213,22,354,УИК №354,2235
213,22,355,УИК №355,1543
213,22,356,УИК №356,1820
213,22,357,УИК №357,1863
213,22,358,УИК №358,1674
213,22,359,УИК №359,1465
213,22,360,УИК №360,1027
213,22,361,УИК №361,1592
213,22,362,УИК №362,1787
213,22,363,УИК №363,1646
213,22,364,УИК №364,1693
213,22,365,УИК №365,4407
213,22,366,УИК №366,1240
213,22,367,УИК №367,1283
213,22,368,УИК №368,1947
213,22,369,УИК №369,1893
213,22,370,УИК №370,2276
213,22,371,УИК №371,2157
213,22,372,УИК №372,2930
213,22,373,УИК №373,2078
213,22,374,УИК №374,2648
213,22,375,УИК №375,2365
213,22,376,УИК №376,3283
213,22,377,УИК №377,1497
213,22,402,УИК №402,100
213,22,403,УИК №403,100
213,22,404,УИК №404,100
213,22,405,УИК №405,100
213,22,406,УИК №406,100
213,30,2233,УИК №2233,1264
213,30,2234,УИК №2234,1463
213,30,2235,УИК №2235,1881
213,30,2236,УИК №2236,1353
213,30,2237,УИК №2237,2633
213,30,2238,УИК №2238,1869
213,30,2239,УИК №2239,2317
213,30,2240,УИК №2240,2875
213,30,2242,УИК №2242,1995
213,30,2243,УИК №2243,1829
213,30,2244,УИК №2244,2038
213,30,2245,УИК №2245,2405
213,30,2247,УИК №2247,1772
213,30,2248,УИК №2248,1558
213,30,2249,УИК №2249,1739
213,30,2250,УИК №2250,1277
213,30,2251,УИК №2251,1217
213,30,2252,УИК №2252,1611
213,30,2253,УИК №2253,1939
213,30,2254,УИК №2254,1463
213,30,2255,УИК №2255,1228
213,30,2256,УИК №2256,2295
213,30,2257,УИК №2257,1780
213,30,2258,УИК №2258,1802
213,30,2259,УИК №2259,1906
213,30,2260,УИК №2260,1746
213,30,2261,УИК №2261,1209
213,30,2262,УИК №2262,1478
213,30,2276,УИК №2276,0
213,35,252,УИК №252,2334
213,35,253,УИК №253,2205
213,35,254,УИК №254,1671
213,35,255,УИК №255,2411
213,35,256,УИК №256,2439
213,35,257,УИК №257,1406
213,35,258,УИК №258,2263
213,35,259,УИК №259,2181
213,35,260,УИК №260,1569
213,35,261,УИК №261,2131
213,35,262,УИК №262,801
213,35,263,УИК №263,1910
213,35,264,УИК №264,2266
213,35,265,УИК №265,2653
213,35,266,УИК №266,2156
213,35,267,УИК №267,2671
213,35,268,УИК №268,1708
213,35,269,УИК №269,1401
213,35,270,УИК №270,2411
213,35,271,УИК №271,1654
213,35,272,УИК №272,1896
213,35,273,УИК №273,2167
213,35,274,УИК №274,1894
213,35,275,УИК №275,1930
213,35,276,УИК №276,2205
213,35,277,УИК №277,1291
213,35,278,УИК №278,1962
213,35,279,УИК №279,2445
213,35,280,УИК №280,2274
213,35,281,УИК №281,1672
213,35,282,УИК №282,2870
213,35,283,УИК №283,2086
213,35,284,УИК №284,1849
213,35,285,УИК №285,2204
213,35,286,УИК №286,2411
213,35,287,УИК №287,2090
213,35,288,УИК №288,1165
213,37,549,УИК №549,1938
213,37,550,УИК №550,2047
213,37,551,УИК №551,1834
213,37,552,УИК №552,2172
213,37,553,УИК №553,1843
213,37,554,УИК №554,1438
213,37,555,УИК №555,2326
213,37,556,УИК №556,2448
213,37,557,УИК №557,2552
213,37,558,УИК №558,1966
213,37,559,УИК №559,2448
213,37,560,УИК №560,1512
213,37,561,УИК №561,2452
213,37,562,УИК №562,2566
213,37,563,УИК №563,2240
213,37,564,УИК №564,1782
213,37,565,УИК №565,2950
213,37,566,УИК №566,2509
213,37,567,УИК №567,2322
213,37,568,УИК №568,2455
213,37,569,УИК №569,2035
213,37,570,УИК №570,2150
213,37,571,УИК №571,1391
213,38,414,УИК №414,2297
213,38,415,УИК №415,2154
213,38,416,УИК №416,3018
213,38,417,УИК №417,2677
213,38,418,УИК №418,1912
213,38,419,УИК №419,2417
213,38,420,УИК №420,1508
213,38,421,УИК №421,3308
213,38,422,УИК №422,2315
213,38,423,УИК №423,2000
213,38,424,УИК №424,2155
213,38,425,УИК №425,1911
213,38,426,УИК №426,2165
213,38,427,УИК №427,2059
213,38,428,УИК №428,1989
213,38,429,УИК №429,2631
213,38,430,УИК №430,2368
213,38,431,УИК №431,1895
213,38,432,УИК №432,1939
213,38,433,УИК №433,2008
213,38,434,УИК №434,1959
213,38,435,УИК №435,1889
213,38,436,УИК №436,1571
213,38,437,УИК №437,2174
213,38,438,УИК №438,2142
213,38,439,УИК №439,2077
213,38,440,УИК №440,2961
213,38,441,УИК №441,2505
213,38,442,УИК №442,2027
213,38,443,УИК №443,2062
213,38,509,УИК №509,783
213,38,2320,УИК №2320,3292
213,38,2321,УИК №2321,768
213,38,2322,УИК №2322,809
213,54,1612,УИК №1612,1265
213,54,1613,УИК №1613,1142
213,54,1614,УИК №1614,1629
213,54,1615,УИК №1615,1582
213,54,1616,УИК №1616,1570
213,54,1617,УИК №1617,1369
213,54,1618,УИК №1618,1232
213,54,1619,УИК №1619,1593
213,54,1620,УИК №1620,1916
213,54,1621,УИК №1621,1637
213,54,1622,УИК №1622,1887
213,54,1623,УИК №1623,1401
213,54,1624,УИК №1624,1614
213,54,1625,УИК №1625,1607
213,54,1626,УИК №1626,928
213,54,1644,УИК №1644,1557
213,54,1645,УИК №1645,1224
213,54,1646,УИК №1646,1666
213,54,1647,УИК №1647,2405
213,54,1648,УИК №1648,1606
213,54,1649,УИК №1649,1328
213,54,1650,УИК №1650,806
213,54,1651,УИК №1651,799
213,54,1652,УИК №1652,1142
213,54,1653,УИК №1653,1401
213,54,1669,УИК №1669,3216
214,4,901,УИК №901,2129
214,4,902,УИК №902,4065
214,4,903,УИК №903,2304
214,4,904,УИК №904,2232
214,4,905,УИК №905,2823
214,4,906,УИК №906,3011
214,4,907,УИК №907,2950
214,4,908,УИК №908,1111
214,4,909,УИК №909,2428
214,4,910,УИК №910,1494
214,4,911,УИК №911,1604
214,4,912,УИК №912,1514
214,4,913,УИК №913,1770
214,4,914,УИК №914,1712
214,4,915,УИК №915,1813
214,4,916,УИК №916,1493
214,4,917,УИК №917,1589
214,4,918,УИК №918,1627
214,4,919,УИК №919,1676
214,4,920,УИК №920,1938
214,4,959,УИК №959,558
214,4,960,УИК №960,3058
214,4,961,УИК №961,3015
214,4,962,УИК №962,3039
214,4,963,УИК №963,1711
214,4,964,УИК №964,1519
214,4,965,УИК №965,2621
214,4,966,УИК №966,3132
214,4,967,УИК №967,2344
214,4,968,УИК №968,355
214,4,2411,УИК №2411,2488
214,4,2412,УИК №2412,3517
214,4,2413,УИК №2413,2567
214,4,2414,УИК №2414,3718
214,10,221,УИК №221,1673
214,10,222,УИК №222,2034
214,10,223,УИК №223,1605
214,10,224,УИК №224,1452
214,10,225,УИК №225,1881
214,10,226,УИК №226,2325
214,10,227,УИК №227,2236
214,10,228,УИК №228,2125
214,10,229,УИК №229,1823
214,10,230,УИК №230,1643
214,10,231,УИК №231,1606
214,10,232,УИК №232,2628
214,10,233,УИК №233,1647
214,10,234,УИК №234,1890
214,10,235,УИК №235,2083
214,10,236,УИК №236,1784
214,10,237,УИК №237,1841
214,10,238,УИК №238,1645
214,10,239,УИК №239,2850
214,10,240,УИК №240,1683
214,10,241,УИК №241,1818
214,10,242,УИК №242,1731
214,10,243,УИК №243,2253
214,10,244,УИК №244,1996
214,11,469,УИК №469,2419
214,11,470,УИК №470,2147
214,11,471,УИК №471,2039
214,11,472,УИК №472,2490
214,11,473,УИК №473,2013
214,11,474,УИК №474,2366
214,11,475,УИК №475,2272
214,11,476,УИК №476,1443
214,11,477,УИК №477,2896
214,11,478,УИК №478,2336
214,11,479,УИК №479,2363
214,11,480,УИК №480,2513
214,11,481,УИК №481,2442
214,11,482,УИК №482,2411
214,11,483,УИК №483,1739
214,11,484,УИК №484,2290
214,11,485,УИК №485,2616
214,11,486,УИК №486,2806
214,11,487,УИК №487,2081
214,11,488,УИК №488,1790
214,11,489,УИК №489,1916
214,11,490,УИК №490,1924
214,11,491,УИК №491,1680
214,11,492,УИК №492,2087
214,11,493,УИК №493,2264
214,11,494,УИК №494,1870
214,11,495,УИК №495,2858
214,11,496,УИК №496,1700
214,11,497,УИК №497,1998
214,11,498,УИК №498,2187
214,11,499,УИК №499,2428
214,11,500,УИК №500,2522
214,11,501,УИК №501,1882
214,11,502,УИК №502,3171
214,11,503,УИК №503,3094
214,11,504,УИК №504,2472
214,11,505,УИК №505,2020
214,11,506,УИК №506,3000
214,17,512,УИК №512,1805
214,17,513,УИК №513,1111
214,17,514,УИК №514,1728
214,17,515,УИК №515,2477
214,17,516,УИК №516,2228
214,17,517,УИК №517,2250
214,17,518,УИК №518,2704
214,17,519,УИК №519,2030
214,17,520,УИК №520,2731
214,17,521,УИК №521,1619
214,17,522,УИК №522,2738
214,17,523,УИК №523,1997
214,17,524,УИК №524,2481
214,17,525,УИК №525,2320
214,17,526,УИК №526,1472
214,17,527,УИК №527,1884
214,17,528,УИК №528,1789
214,17,529,УИК №529,1936
214,17,530,УИК №530,2046
214,17,531,УИК №531,2121
214,17,573,УИК №573,315
214,17,2283,УИК №2283,2771
214,17,2284,УИК №2284,2632
214,17,2285,УИК №2285,2414
214,17,2286,УИК №2286,1068
214,34,199,УИК №199,1970
214,34,200,УИК №200,1840
214,34,201,УИК №201,2349
214,34,202,УИК №202,1951
214,34,203,УИК №203,753
214,34,204,УИК №204,1853
214,34,205,УИК №205,1971
214,34,206,УИК №206,2197
214,34,207,УИК №207,881
214,34,208,УИК №208,1728
214,34,209,УИК №209,1901
214,34,210,УИК №210,2259
214,34,211,УИК №211,2297
214,34,212,УИК №212,2210
214,34,213,УИК №213,2166
214,34,214,УИК №214,2235
214,34,215,УИК №215,2348
214,34,216,УИК №216,1289
214,34,217,УИК №217,2595
214,34,218,УИК №218,2118
214,34,219,УИК №219,2061
214,34,220,УИК №220,2035
214,34,249,УИК №249,3651
214,36,378,УИК №378,2161
214,36,379,УИК №379,1620
214,36,380,УИК №380,2286
214,36,381,УИК №381,1632
214,36,382,УИК №382,1752
214,36,383,УИК №383,2339
214,36,384,УИК №384,1521
214,36,385,УИК №385,2145
214,36,386,УИК №386,2260
214,36,387,УИК №387,2487
214,36,388,УИК №388,2639
214,36,389,УИК №389,1886
214,36,390,УИК №390,1080
214,36,391,УИК №391,2272
214,36,392,УИК №392,1523
214,36,393,УИК №393,1800
214,36,394,УИК №394,1379
214,36,395,УИК №395,1246
214,36,396,УИК №396,2328
214,36,397,УИК №397,2901
214,36,398,УИК №398,1549
214,36,399,УИК №399,1914
214,36,400,УИК №400,1187
214,36,401,УИК №401,1792
214,36,407,УИК №407,0
214,36,408,УИК №408,35
214,39,532,УИК №532,2111
214,39,533,УИК №533,2405
214,39,534,УИК №534,2503
214,39,535,УИК №535,2422
214,39,536,УИК №536,2487
214,39,537,УИК №537,2146
214,39,538,УИК №538,2417
214,39,539,УИК №539,1995
214,39,540,УИК №540,2931
214,39,541,УИК №541,3183
214,39,542,УИК №542,2510
214,39,543,УИК №543,2538
214,39,544,УИК №544,2438
214,39,545,УИК №545,1725
214,39,546,УИК №546,1596
214,39,547,УИК №547,2905
214,39,548,УИК №548,3595
214,39,572,УИК №572,3107
214,39,574,УИК №574,3511
214,39,575,УИК №575,3315
214,39,2311,УИК №2311,3603
214,39,2312,УИК №2312,1797
214,40,444,УИК №444,1641
214,40,445,УИК №445,2555
214,40,446,УИК №446,1731
214,40,447,УИК №447,2215
214,40,448,УИК №448,2359
214,40,449,УИК №449,2403
214,40,450,УИК №450,2291
214,40,451,УИК №451,1967
214,40,452,УИК №452,2357
214,40,453,УИК №453,3189
214,40,454,УИК №454,2137
214,40,455,УИК №455,2023
214,40,456,УИК №456,2234
214,40,457,УИК №457,2165
214,40,458,УИК №458,2375
214,40,459,УИК №459,2430
214,40,460,УИК №460,2122
214,40,461,УИК №461,1925
214,40,462,УИК №462,1315
214,40,463,УИК №463,2025
214,40,464,УИК №464,2098
214,40,465,УИК №465,1933
214,40,466,УИК №466,2213
214,40,467,УИК №467,1853
214,40,468,УИК №468,1813
214,44,921,УИК №921,1918
214,44,922,УИК №922,1963
214,44,923,УИК №923,2270
214,44,924,УИК №924,1771
214,44,925,УИК №925,2437
214,44,926,УИК №926,2112
214,44,927,УИК №927,2127
214,44,928,УИК №928,1903
214,44,929,УИК №929,1005
214,44,930,УИК №930,1397
214,44,931,УИК №931,1843
214,44,932,УИК №932,2403
214,44,933,УИК №933,1918
214,44,934,УИК №934,1809
214,44,935,УИК №935,1922
214,44,936,УИК №936,1822
214,44,937,УИК №937,2004
214,44,938,УИК №938,2222
214,44,939,УИК №939,1726
214,44,940,УИК №940,2945
214,44,958,УИК №958,2962
214,45,1024,УИК №1024,1862
214,45,1025,УИК №1025,1617
214,45,1026,УИК №1026,1916
214,45,1027,УИК №1027,2111
214,45,1028,УИК №1028,1594
214,45,1029,УИК №1029,1766
214,45,1030,УИК №1030,1840
214,45,1031,УИК №1031,1702
214,45,1032,УИК №1032,1430
214,45,1033,УИК №1033,2303
214,45,1034,УИК №1034,1841
214,45,1035,УИК №1035,1618
214,45,1036,УИК №1036,1684
214,45,1037,УИК №1037,1741
214,45,1038,УИК №1038,2119
214,45,1039,УИК №1039,2065
214,45,1040,УИК №1040,1057
214,45,1041,УИК №1041,2054
214,45,1042,УИК №1042,2261
214,45,1043,УИК №1043,1887
214,45,1044,УИК №1044,2184
214,45,1045,УИК №1045,2295
214,45,1046,УИК №1046,2327
214,45,1047,УИК №1047,462
215,9,1793,УИК №1793,1806
215,9,1794,УИК №1794,2322
215,9,1795,УИК №1795,1827
215,9,1796,УИК №1796,1405
215,9,1797,УИК №1797,1566
215,9,1798,УИК №1798,1856
215,9,1799,УИК №1799,1721
215,9,1800,УИК №1800,1928
215,9,1801,УИК №1801,2001
215,9,1802,УИК №1802,2382
215,9,1803,УИК №1803,2489
215,9,1804,УИК №1804,2068
215,9,1805,УИК №1805,2772
215,9,1806,УИК №1806,1955
215,9,1807,УИК №1807,2849
215,9,1808,УИК №1808,2901
215,9,1809,УИК №1809,1540
215,9,1810,УИК №1810,3014
215,9,1859,УИК №1859,4469
215,12,1731,УИК №1731,2762
215,12,1732,УИК №1732,2605
215,12,1733,УИК №1733,2251
215,12,1734,УИК №1734,2249
215,12,1735,УИК №1735,2075
215,12,1736,УИК №1736,2604
215,12,1737,УИК №1737,2121
215,12,1738,УИК №1738,1872
215,12,1739,УИК №1739,1385
215,12,1740,УИК №1740,1816
215,12,1741,УИК №1741,1896
215,12,1742,УИК №1742,2128
215,12,1743,УИК №1743,1725
215,12,1744,УИК №1744,2535
215,12,1745,УИК №1745,2244
215,12,1746,УИК №1746,1226
215,12,1747,УИК №1747,1915
215,12,1748,УИК №1748,2714
215,12,1749,УИК №1749,2033
215,12,1750,УИК №1750,2087
215,12,1751,УИК №1751,2984
215,12,1752,УИК №1752,2267
215,12,1753,УИК №1753,2435
215,12,1754,УИК №1754,1971
215,12,1755,УИК №1755,2720
215,12,1756,УИК №1756,2677
215,12,1757,УИК №1757,2467
215,12,1758,УИК №1758,2490
215,12,1759,УИК №1759,1703
215,12,1760,УИК №1760,2700
215,12,1761,УИК №1761,2578
215,12,1762,УИК №1762,2578
215,12,1763,УИК №1763,2808
215,12,1764,УИК №1764,2811
215,12,1765,УИК №1765,2767
215,12,1766,УИК №1766,3182
215,12,1767,УИК №1767,3241
215,12,1768,УИК №1768,2506
215,12,1769,УИК №1769,2341
215,12,1770,УИК №1770,2530
215,12,1771,УИК №1771,1823
215,12,1772,УИК №1772,1796
215,12,1773,УИК №1773,1750
215,12,1774,УИК №1774,2673
215,12,1775,УИК №1775,1801
215,12,1776,УИК №1776,1955
215,12,1777,УИК №1777,1815
215,12,1778,УИК №1778,1906
215,12,1779,УИК №1779,2223
215,12,1780,УИК №1780,2191
215,12,1781,УИК №1781,2639
215,12,1782,УИК №1782,1990
215,12,1783,УИК №1783,2176
215,12,1784,УИК №1784,1853
215,12,1785,УИК №1785,1977
215,12,1786,УИК №1786,1911
215,12,1787,УИК №1787,1926
215,12,1788,УИК №1788,3201
215,13,1239,УИК №1239,2256
215,13,1240,УИК №1240,2822
215,13,1241,УИК №1241,2694
215,13,1242,УИК №1242,2144
215,13,1243,УИК №1243,1243
215,13,1244,УИК №1244,1474
215,13,1245,УИК №1245,1767
215,13,1246,УИК №1246,1381
215,13,1247,УИК №1247,1294
215,13,1248,УИК №1248,1944
215,13,1249,УИК №1249,1246
215,13,1250,УИК №1250,1335
215,13,1251,УИК №1251,1528
215,13,1252,УИК №1252,1686
215,13,1253,УИК №1253,2009
215,13,1254,УИК №1254,1265
215,13,1255,УИК №1255,409
215,13,1256,УИК №1256,994
215,13,1257,УИК №1257,1939
215,13,1258,УИК №1258,2477
215,13,1259,УИК №1259,1225
215,13,1260,УИК №1260,1289
215,13,1261,УИК №1261,523
215,13,1262,УИК №1262,1884
215,13,1263,УИК №1263,1657
215,13,1264,УИК №1264,930
215,13,1265,УИК №1265,1183
215,13,1266,УИК №1266,796
215,13,1267,УИК №1267,1427
215,13,1268,УИК №1268,273
215,13,1269,УИК №1269,220
215,13,1270,УИК №1270,73
215,13,1271,УИК №1271,980
215,13,1272,УИК №1272,613
215,13,1273,УИК №1273,2063
215,13,1274,УИК №1274,285
215,28,1867,УИК №1867,2225
215,28,1868,УИК №1868,2269
215,28,1869,УИК №1869,2504
215,28,1870,УИК №1870,2639
215,28,1871,УИК №1871,1787
215,28,1872,УИК №1872,1930
215,28,1873,УИК №1873,2312
215,28,1874,УИК №1874,1813
215,28,1875,УИК №1875,1555
215,28,1876,УИК №1876,1871
215,28,1877,УИК №1877,2175
215,28,1878,УИК №1878,2124
215,28,1879,УИК №1879,2253
215,28,1880,УИК №1880,2165
215,28,1881,УИК №1881,2143
215,28,1882,УИК №1882,2235
215,28,1883,УИК №1883,2443
215,28,1884,УИК №1884,2603
215,28,1885,УИК №1885,2483
215,28,1886,УИК №1886,1801
215,28,1887,УИК №1887,2120
215,28,1888,УИК №1888,2041
215,28,1889,УИК №1889,2778
215,28,1890,УИК №1890,2518
215,28,1891,УИК №1891,1965
215,28,1892,УИК №1892,2098
215,28,2389,УИК №2389,2942
215,56,1927,УИК №1927,3316
215,56,1928,УИК №1928,2860
215,56,1929,УИК №1929,3260
215,56,1930,УИК №1930,2613
215,56,1931,УИК №1931,2430
215,56,1932,УИК №1932,2460
215,56,1933,УИК №1933,1698
215,56,1934,УИК №1934,1940
215,56,1935,УИК №1935,1798
215,56,1936,УИК №1936,1708
215,56,1937,УИК №1937,2711
215,56,1938,УИК №1938,2342
215,56,1939,УИК №1939,2164
215,56,1940,УИК №1940,2449
215,56,1941,УИК №1941,3805
215,56,1942,УИК №1942,3123
215,56,1943,УИК №1943,3839
215,56,1944,УИК №1944,2921
215,56,1945,УИК №1945,3451
215,56,1946,УИК №1946,3558
215,56,1947,УИК №1947,728
215,56,1948,УИК №1948,950
215,56,2395,УИК №2395,4066
215,56,2396,УИК №2396,3550
215,56,2397,УИК №2397,3278
215,56,2398,УИК №2398,3640
215,56,2399,УИК №2399,3624
215,56,2400,УИК №2400,3421
215,56,2401,УИК №2401,2560
215,56,2402,УИК №2402,2782
215,47,1724,УИК №1724,1063
215,47,1725,УИК №1725,1269
215,47,1726,УИК №1726,2194
215,47,1727,УИК №1727,3008
215,47,1728,УИК №1728,3017
215,47,1729,УИК №1729,1230
215,47,1730,УИК №1730,1257
215,47,1893,УИК №1893,1958
215,47,1894,УИК №1894,2792
215,47,1895,УИК №1895,2361
215,47,1896,УИК №1896,2736
215,47,1897,УИК №1897,2634
215,47,1898,УИК №1898,1842
215,47,1900,УИК №1900,2109
215,47,1901,УИК №1901,1733
215,47,1902,УИК №1902,1883
215,47,1903,УИК №1903,1712
215,47,1904,УИК №1904,1848
215,47,1906,УИК №1906,1932
215,47,1907,УИК №1907,1851
215,47,1908,УИК №1908,1803
215,47,1909,УИК №1909,2046
215,47,1910,УИК №1910,1819
215,47,1911,УИК №1911,1956
215,47,1912,УИК №1912,1908
215,47,1913,УИК №1913,1784
215,47,1914,УИК №1914,1718
215,47,1915,УИК №1915,1858
215,47,1916,УИК №1916,1838
215,47,1917,УИК №1917,1896
215,47,1918,УИК №1918,2012
215,47,1919,УИК №1919,2191
215,47,1920,УИК №1920,2053
215,47,1921,УИК №1921,1811
215,47,1922,УИК №1922,1861
215,47,1923,УИК №1923,2761
215,47,1924,УИК №1924,2651
215,47,1925,УИК №1925,2566
215,47,1926,УИК №1926,1983
215,47,2466,УИК №2466,4300
215,58,1812,УИК №1812,2389
215,58,1813,УИК №1813,2475
215,58,1814,УИК №1814,1658
215,58,1815,УИК №1815,1635
215,58,1816,УИК №1816,1118
215,58,1817,УИК №1817,1845
215,58,1818,УИК №1818,1460
215,58,1819,УИК №1819,1986
215,58,1820,УИК №1820,1390
215,58,1821,УИК №1821,2084
215,58,1822,УИК №1822,1855
215,58,1823,УИК №1823,1945
215,58,1824,УИК №1824,2118
215,58,1825,УИК №1825,2207
215,58,1826,УИК №1826,1819
215,58,1827,УИК №1827,1877
215,58,1828,УИК №1828,2322
215,58,1829,УИК №1829,1488
215,58,1831,УИК №1831,2138
215,58,1832,УИК №1832,2249
215,58,1833,УИК №1833,2204
215,58,1834,УИК №1834,1521
215,58,1835,УИК №1835,2189
215,58,1836,УИК №1836,2144
215,58,1837,УИК №1837,2028
215,58,1838,УИК №1838,2410
215,58,1839,УИК №1839,2254
215,58,1840,УИК №1840,2122
215,58,1841,УИК №1841,1947
215,58,1842,УИК №1842,1184
215,58,1843,УИК №1843,2321
215,58,1844,УИК №1844,1967
215,58,1845,УИК №1845,2518
216,1,1,УИК №1,1534
216,1,2,УИК №2,1442
216,1,3,УИК №3,1916
216,1,4,УИК №4,977
216,1,5,УИК №5,1703
216,1,6,УИК №6,1479
216,1,7,УИК №7,2043
216,1,8,УИК №8,1407
216,1,9,УИК №9,1420
216,1,10,УИК №10,1568
216,1,11,УИК №11,1840
216,1,12,УИК №12,2406
216,1,13,УИК №13,301
216,1,14,УИК №14,2415
216,1,23,УИК №23,1230
216,1,24,УИК №24,1593
216,1,25,УИК №25,1813
216,1,26,УИК №26,956
216,1,27,УИК №27,1607
216,1,28,УИК №28,1173
216,1,29,УИК №29,1659
216,1,30,УИК №30,1320
216,1,31,УИК №31,2706
216,1,32,УИК №32,1308
216,2,158,УИК №158,919
216,2,159,УИК №159,1486
216,2,160,УИК №160,1635
216,2,161,УИК №161,1680
216,2,162,УИК №162,1454
216,2,163,УИК №163,1277
216,2,164,УИК №164,1661
216,2,165,УИК №165,1729
216,2,166,УИК №166,1847
216,2,167,УИК №167,2345
216,2,168,УИК №168,2957
216,2,169,УИК №169,1408
216,2,170,УИК №170,2351
216,2,171,УИК №171,1593
216,2,172,УИК №172,2111
216,2,173,УИК №173,1850
216,2,174,УИК №174,2164
216,2,175,УИК №175,1773
216,2,176,УИК №176,2013
216,2,177,УИК №177,1863
216,2,178,УИК №178,1923
216,2,179,УИК №179,975
216,2,182,УИК №182,2532
216,2,184,УИК №184,2418
216,3,611,УИК №611,1818
216,3,612,УИК №612,1704
216,3,613,УИК №613,1640
216,3,614,УИК №614,1612
216,3,615,УИК №615,1428
216,3,616,УИК №616,2486
216,3,617,УИК №617,2626
216,3,618,УИК №618,1284
216,3,619,УИК №619,3016
216,3,620,УИК №620,2513
216,3,621,УИК №621,1763
216,3,622,УИК №622,1955
216,3,623,УИК №623,2233
216,3,624,УИК №624,1758
216,3,625,УИК №625,1759
216,3,626,УИК №626,1552
216,3,627,УИК №627,1428
216,3,628,УИК №628,2099
216,3,629,УИК №629,1992
216,3,630,УИК №630,1774
216,3,631,УИК №631,2146
216,3,632,УИК №632,2512
216,7,633,УИК №633,2352
216,7,634,УИК №634,2347
216,7,635,УИК №635,2083
216,7,636,УИК №636,2040
216,7,637,УИК №637,2229
216,7,638,УИК №638,2140
216,7,639,УИК №639,2360
216,7,640,УИК №640,2371
216,7,641,УИК №641,1870
216,7,642,УИК №642,2417
216,7,643,УИК №643,2754
216,7,644,УИК №644,1912
216,7,787,УИК №787,1855
216,7,788,УИК №788,2352
216,7,789,УИК №789,2007
216,7,790,УИК №790,2166
216,7,791,УИК №791,2152
216,7,792,УИК №792,1915
216,7,793,УИК №793,2336
216,7,794,УИК №794,1705
216,7,795,УИК №795,2243
216,7,796,УИК №796,2613
216,7,797,УИК №797,2024
216,7,798,УИК №798,1983
216,7,799,УИК №799,1852
216,7,800,УИК №800,2396
216,7,801,УИК №801,1389
216,7,802,УИК №802,2300
216,7,803,УИК №803,2235
216,7,804,УИК №804,2142
216,7,805,УИК №805,1809
216,7,806,УИК №806,2547
216,7,807,УИК №807,2273
216,7,808,УИК №808,1911
216,7,809,УИК №809,1917
216,7,810,УИК №810,2463
216,7,811,УИК №811,2510
216,7,812,УИК №812,2089
216,7,813,УИК №813,1869
216,7,814,УИК №814,2780
216,31,53,УИК №53,2272
216,31,54,УИК №54,2197
216,31,55,УИК №55,1195
216,31,56,УИК №56,2342
216,31,57,УИК №57,2342
216,31,59,УИК №59,1872
216,31,60,УИК №60,2169
216,31,61,УИК №61,1563
216,31,91,УИК №91,620
216,32,132,УИК №132,2148
216,32,133,УИК №133,1905
216,32,134,УИК №134,1531
216,32,135,УИК №135,1986
216,32,136,УИК №136,1647
216,32,137,УИК №137,1236
216,32,138,УИК №138,1741
216,32,139,УИК №139,1660
216,32,140,УИК №140,1724
216,32,141,УИК №141,1938
216,32,142,УИК №142,1628
216,32,143,УИК №143,1112
216,32,144,УИК №144,1601
216,32,145,УИК №145,2154
216,32,146,УИК №146,1404
216,32,147,УИК №147,1795
216,32,148,УИК №148,2421
216,32,149,УИК №149,1705
216,32,150,УИК №150,1540
216,32,151,УИК №151,2016
216,32,152,УИК №152,1732
216,32,153,УИК №153,2190
216,32,154,УИК №154,1741
216,32,155,УИК №155,1213
216,32,156,УИК №156,2209
216,32,157,УИК №157,1456
216,32,180,УИК №180,1619
216,32,181,УИК №181,2013
216,32,183,УИК №183,2903
216,32,189,УИК №189,2972
216,32,190,УИК №190,601
216,32,191,УИК №191,3074
216,32,192,УИК №192,22
216,32,193,УИК №193,18
216,32,194,УИК №194,14
216,32,195,УИК №195,27
216,32,196,УИК №196,24
216,32,197,УИК №197,20
216,32,198,УИК №198,522
216,33,104,УИК №104,1617
216,33,105,УИК №105,1737
216,33,106,УИК №106,1370
216,33,107,УИК №107,1409
216,33,108,УИК №108,1462
216,33,109,УИК №109,1541
216,33,110,УИК №110,1495
216,33,111,УИК №111,1419
216,33,112,УИК №112,1165
216,33,113,УИК №113,2155
216,33,114,УИК №114,1123
216,33,115,УИК №115,2222
216,33,116,УИК №116,2300
216,33,117,УИК №117,1853
216,33,118,УИК №118,1855
216,33,119,УИК №119,1989
216,33,120,УИК №120,1695
216,33,121,УИК №121,1569
216,33,122,УИК №122,1435
216,33,123,УИК №123,1711
216,33,124,УИК №124,2640
216,33,125,УИК №125,2024
216,33,126,УИК №126,2310
216,33,127,УИК №127,1725
216,33,128,УИК №128,2783
216,33,129,УИК №129,1622
216,33,130,УИК №130,2076
216,33,131,УИК №131,1458
216,33,2306,УИК №2306,495
216,33,2307,УИК №2307,998
216,41,576,УИК №576,1657
216,41,577,УИК №577,1456
216,41,578,УИК №578,1249
216,41,579,УИК №579,1876
216,41,580,УИК №580,2001
216,41,581,УИК №581,1751
216,41,582,УИК №582,1396
216,41,583,УИК №583,2233
216,41,584,УИК №584,1952
216,41,585,УИК №585,1751
216,41,586,УИК №586,1578
216,41,587,УИК №587,2025
216,41,588,УИК №588,2171
216,41,589,УИК №589,1404
216,41,590,УИК №590,1517
216,41,591,УИК №591,1824
216,41,592,УИК №592,1369
216,41,593,УИК №593,2415
216,41,594,УИК №594,1393
216,41,595,УИК №595,1452
216,41,596,УИК №596,1591
216,41,597,УИК №597,1976
216,41,598,УИК №598,2132
216,41,599,УИК №599,1264
216,41,600,УИК №600,967
216,41,601,УИК №601,1389
216,41,602,УИК №602,1909
216,41,603,УИК №603,1845
216,41,604,УИК №604,2500
216,41,605,УИК №605,1448
216,41,606,УИК №606,1454
216,41,607,УИК №607,1687
216,41,608,УИК №608,1587
216,41,609,УИК №609,1478
216,41,610,УИК №610,1511
216,41,645,УИК №645,300
216,41,646,УИК №646,24
216,41,647,УИК №647,22
216,41,648,УИК №648,22
216,41,649,УИК №649,21
216,41,650,УИК №650,10
216,41,651,УИК №651,11
216,41,652,УИК №652,11
216,41,653,УИК №653,11
216,41,654,УИК №654,11
216,41,655,УИК №655,8
216,41,656,УИК №656,12
216,41,657,УИК №657,13
216,41,659,УИК №659,11
216,41,660,УИК №660,11
216,41,661,УИК №661,11
216,41,662,УИК №662,8
216,41,663,УИК №663,8
216,41,664,УИК №664,9
216,41,665,УИК №665,11
216,41,666,УИК №666,12
216,41,667,УИК №667,10
216,41,668,УИК №668,4
216,41,669,УИК №669,12
216,41,670,УИК №670,11
216,41,671,УИК №671,12
216,41,672,УИК №672,11
216,41,673,УИК №673,13
216,41,674,УИК №674,13
216,41,675,УИК №675,11
216,41,676,УИК №676,11
216,41,677,УИК №677,15
216,41,678,УИК №678,22
216,41,679,УИК №679,21
216,41,685,УИК №685,313
216,41,686,УИК №686,19
216,41,687,УИК №687,19
216,41,688,УИК №688,25
216,41,689,УИК №689,26
216,41,690,УИК №690,26
216,41,691,УИК №691,27
216,41,692,УИК №692,26
216,41,693,УИК №693,26
216,41,694,УИК №694,26
216,41,695,УИК №695,25
216,41,696,УИК №696,30
216,41,697,УИК №697,27
216,41,698,УИК №698,20
216,41,699,УИК №699,31
216,41,700,УИК №700,32
216,41,701,УИК №701,39
216,41,702,УИК №702,19
216,41,703,УИК №703,19
216,41,704,УИК №704,18
216,41,705,УИК №705,21
216,41,706,УИК №706,50
216,41,707,УИК №707,24
216,41,708,УИК №708,24
216,41,709,УИК №709,22
216,41,710,УИК №710,37
216,41,711,УИК №711,26
216,41,712,УИК №712,23
216,41,713,УИК №713,16
216,41,714,УИК №714,22
216,41,715,УИК №715,21
216,41,716,УИК №716,23
216,41,717,УИК №717,23
216,41,718,УИК №718,23
216,41,719,УИК №719,27
216,41,720,УИК №720,29
216,41,721,УИК №721,8
216,41,723,УИК №723,23
216,41,724,УИК №724,22
216,41,725,УИК №725,26
216,41,726,УИК №726,23
216,41,727,УИК №727,23
216,41,728,УИК №728,23
216,41,729,УИК №729,23
216,41,730,УИК №730,21
216,41,731,УИК №731,29
216,41,732,УИК №732,25
216,41,733,УИК №733,31
216,41,734,УИК №734,33
216,41,735,УИК №735,29
216,41,736,УИК №736,32
216,41,737,УИК №737,30
216,41,738,УИК №738,13
216,41,739,УИК №739,9
216,41,740,УИК №740,13
216,41,741,УИК №741,9
216,41,742,УИК №742,13
216,41,743,УИК №743,13
216,41,744,УИК №744,9
216,41,745,УИК №745,13
216,41,746,УИК №746,25
216,41,747,УИК №747,25
216,41,748,УИК №748,25
216,41,749,УИК №749,28
216,41,750,УИК №750,22
216,41,752,УИК №752,22
216,41,753,УИК №753,12
216,41,754,УИК №754,58
216,41,755,УИК №755,11
216,41,756,УИК №756,15
216,41,2591,УИК №2591,10
216,41,2592,УИК №2592,21
216,41,2593,УИК №2593,21
216,41,2594,УИК №2594,21
216,41,2595,УИК №2595,21
216,41,2596,УИК №2596,21
216,41,2597,УИК №2597,30
216,41,2598,УИК №2598,15
216,41,2599,УИК №2599,135
216,42,757,УИК №757,2049
216,42,758,УИК №758,1806
216,42,759,УИК №759,1224
216,42,760,УИК №760,1848
216,42,761,УИК №761,2303
216,42,762,УИК №762,2914
216,42,763,УИК №763,1988
216,42,764,УИК №764,973
216,42,765,УИК №765,2511
216,42,766,УИК №766,2254
216,42,767,УИК №767,2177
216,42,768,УИК №768,2296
216,42,769,УИК №769,2864
216,42,770,УИК №770,1263
216,42,771,УИК №771,1102
216,42,772,УИК №772,2335
216,42,773,УИК №773,2049
216,42,774,УИК №774,1693
216,42,775,УИК №775,2390
216,42,776,УИК №776,2226
216,42,777,УИК №777,1686
216,42,778,УИК №778,1276
216,42,779,УИК №779,1454
216,42,780,УИК №780,1529
216,42,781,УИК №781,2280
216,42,782,УИК №782,1262
216,42,783,УИК №783,2279
216,42,784,УИК №784,1767
216,42,785,УИК №785,2191
216,42,786,УИК №786,1509
216,42,820,УИК №820,119
217,16,2180,УИК №2180,1515
217,16,2181,УИК №2181,1978
217,16,2182,УИК №2182,1418
217,16,2183,УИК №2183,1523
217,16,2202,УИК №2202,1801
217,16,2203,УИК №2203,1309
217,16,2204,УИК №2204,1283
217,16,2205,УИК №2205,2013
217,21,826,УИК №826,2190
217,21,827,УИК №827,1817
217,21,828,УИК №828,1839
217,21,829,УИК №829,1994
217,21,830,УИК №830,2016
217,21,831,УИК №831,2235
217,21,832,УИК №832,1931
217,21,833,УИК №833,1976
217,21,834,УИК №834,1884
217,21,835,УИК №835,2403
217,21,836,УИК №836,2189
217,21,837,УИК №837,2395
217,21,838,УИК №838,2209
217,21,839,УИК №839,2365
217,21,840,УИК №840,2331
217,21,841,УИК №841,2064
217,21,842,УИК №842,2240
217,21,843,УИК №843,1307
217,21,844,УИК №844,2406
217,21,845,УИК №845,2776
217,21,846,УИК №846,2183
217,21,847,УИК №847,2420
217,21,848,УИК №848,2520
217,21,849,УИК №849,2112
217,21,850,УИК №850,2294
217,21,851,УИК №851,2039
217,21,852,УИК №852,2049
217,21,853,УИК №853,2016
217,21,854,УИК №854,2189
217,21,855,УИК №855,2090
217,21,856,УИК №856,1984
217,21,857,УИК №857,1677
217,21,858,УИК №858,1956
217,21,859,УИК №859,2138
217,21,860,УИК №860,2213
217,21,861,УИК №861,2002
217,21,862,УИК №862,1716
217,21,863,УИК №863,1749
217,21,864,УИК №864,1823
217,21,865,УИК №865,2249
217,21,866,УИК №866,1918
217,21,867,УИК №867,1848
217,21,868,УИК №868,1813
217,21,869,УИК №869,1783
217,21,870,УИК №870,1910
217,21,871,УИК №871,1755
217,21,872,УИК №872,1604
217,21,873,УИК №873,2051
217,21,874,УИК №874,2313
217,21,875,УИК №875,2461
217,21,893,УИК №893,2134
217,21,894,УИК №894,2482
217,21,895,УИК №895,2845
217,21,896,УИК №896,2910
217,21,897,УИК №897,452
217,23,2055,УИК №2055,1850
217,23,2056,УИК №2056,2115
217,23,2057,УИК №2057,2015
217,23,2058,УИК №2058,2432
217,23,2059,УИК №2059,2525
217,23,2060,УИК №2060,1827
217,23,2061,УИК №2061,1937
217,23,2062,УИК №2062,1938
217,23,2063,УИК №2063,1833
217,23,2064,УИК №2064,1919
217,23,2065,УИК №2065,2140
217,23,2066,УИК №2066,1774
217,23,2067,УИК №2067,1700
217,23,2068,УИК №2068,1840
217,23,2069,УИК №2069,1810
217,23,2070,УИК №2070,1496
217,23,2071,УИК №2071,1602
217,23,2072,УИК №2072,1825
217,23,2073,УИК №2073,1806
217,23,2074,УИК №2074,1550
217,23,2075,УИК №2075,1559
217,23,2076,УИК №2076,1439
217,23,2077,УИК №2077,2505
217,23,2078,УИК №2078,2287
217,23,2079,УИК №2079,2549
217,23,2080,УИК №2080,2542
217,29,2105,УИК №2105,2256
217,29,2106,УИК №2106,2115
217,29,2107,УИК №2107,2839
217,29,2108,УИК №2108,2785
217,29,2110,УИК №2110,2718
217,29,2111,УИК №2111,2748
217,29,2112,УИК №2112,2581
217,29,2113,УИК №2113,2787
217,29,2114,УИК №2114,2788
217,29,2115,УИК №2115,2822
217,29,2116,УИК №2116,2694
217,29,2118,УИК №2118,2909
217,29,2119,УИК №2119,2746
217,29,2120,УИК №2120,2781
217,29,2122,УИК №2122,2816
217,29,2124,УИК №2124,2887
217,29,2125,УИК №2125,2899
217,29,2126,УИК №2126,2813
217,29,2127,УИК №2127,2432
217,29,2128,УИК №2128,2135
217,29,2129,УИК №2129,2635
217,29,2131,УИК №2131,2879
217,29,2133,УИК №2133,2843
217,29,2175,УИК №2175,2773
217,43,876,УИК №876,1114
217,43,877,УИК №877,1637
217,43,878,УИК №878,1561
217,43,879,УИК №879,1649
217,43,880,УИК №880,1390
217,43,881,УИК №881,1529
217,43,882,УИК №882,1801
217,43,883,УИК №883,2154
217,43,884,УИК №884,1786
217,43,885,УИК №885,1745
217,43,886,УИК №886,1950
217,43,887,УИК №887,2362
217,43,888,УИК №888,1636
217,43,889,УИК №889,1618
217,43,890,УИК №890,1637
217,43,891,УИК №891,2640
217,43,892,УИК №892,1245
217,60,2035,УИК №2035,1844
217,60,2036,УИК №2036,2200
217,60,2037,УИК №2037,2981
217,60,2038,УИК №2038,2631
217,60,2039,УИК №2039,2962
217,60,2040,УИК №2040,1847
217,60,2041,УИК №2041,1365
217,60,2042,УИК №2042,1880
217,60,2043,УИК №2043,1464
217,60,2044,УИК №2044,3085
217,60,2047,УИК №2047,2745
217,60,2048,УИК №2048,2591
217,60,2049,УИК №2049,2247
217,60,2050,УИК №2050,2159
217,60,2051,УИК №2051,2415
217,60,2052,УИК №2052,2515
217,60,2053,УИК №2053,2252
217,60,2054,УИК №2054,2282
217,60,2377,УИК №2377,0
217,61,2081,УИК №2081,1859
217,61,2082,УИК №2082,1850
217,61,2083,УИК №2083,1775
217,61,2084,УИК №2084,1734
217,61,2085,УИК №2085,2614
217,61,2086,УИК №2086,1922
217,61,2087,УИК №2087,2813
217,61,2088,УИК №2088,1800
217,61,2089,УИК №2089,1656
217,61,2090,УИК №2090,1647
217,61,2091,УИК №2091,1882
217,61,2092,УИК №2092,1817
217,61,2093,УИК №2093,1763
217,61,2094,УИК №2094,1834
217,61,2095,УИК №2095,2338
217,61,2096,УИК №2096,1774
217,61,2097,УИК №2097,2313
217,61,2098,УИК №2098,1883
217,61,2099,УИК №2099,1713
217,61,2100,УИК №2100,1948
217,61,2101,УИК №2101,268
217,62,1862,УИК №1862,161
217,62,2134,УИК №2134,2839
217,62,2135,УИК №2135,2843
217,62,2137,УИК №2137,3747
217,62,2138,УИК №2138,2968
217,62,2139,УИК №2139,2732
217,62,2140,УИК №2140,2417
217,62,2141,УИК №2141,2700
217,62,2142,УИК №2142,2134
217,62,2144,УИК №2144,2904
217,62,2145,УИК №2145,2828
217,62,2146,УИК №2146,3105
217,62,2148,УИК №2148,2817
217,62,2149,УИК №2149,2772
217,62,2176,УИК №2176,3608
217,62,2177,УИК №2177,2960
217,63,2150,УИК №2150,2629
217,63,2151,УИК №2151,2699
217,63,2152,УИК №2152,1940
217,63,2153,УИК №2153,1728
217,63,2154,УИК №2154,1768
217,63,2155,УИК №2155,2514
217,63,2156,УИК №2156,2006
217,63,2157,УИК №2157,1984
217,63,2158,УИК №2158,1756
217,63,2159,УИК №2159,2426
217,63,2160,УИК №2160,2594
217,63,2161,УИК №2161,2505
217,63,2162,УИК №2162,2543
217,63,2163,УИК №2163,2130
217,63,2164,УИК №2164,2275
217,63,2165,УИК №2165,2094
217,63,2166,УИК №2166,1759
217,63,2167,УИК №2167,2058
217,63,2168,УИК №2168,1608
217,63,2169,УИК №2169,1260
217,63,2170,УИК №2170,1914
217,63,2171,УИК №2171,2025
217,63,2172,УИК №2172,1574
217,63,2173,УИК №2173,2768
217,63,2174,УИК №2174,2422
217,63,2383,УИК №2383,574
217,63,2384,УИК №2384,371
217,64,2206,УИК №2206,1535
217,64,2207,УИК №2207,1257
217,64,2208,УИК №2208,1641
217,64,2209,УИК №2209,2053
217,64,2210,УИК №2210,2103
217,64,2211,УИК №2211,1568
217,64,2212,УИК №2212,1215
217,64,2213,УИК №2213,1626
217,64,2214,УИК №2214,1852
217,64,2215,УИК №2215,2472
217,64,2216,УИК №2216,1384
217,64,2217,УИК №2217,1591
217,64,2218,УИК №2218,1670
217,64,2219,УИК №2219,1917
217,64,2220,УИК №2220,2023
217,64,2221,УИК №2221,1519
217,64,2222,УИК №2222,1585
217,64,2223,УИК №2223,1914
217,64,2224,УИК №2224,1551
217,64,2225,УИК №2225,2212
217,64,2263,УИК №2263,2282
217,64,2264,УИК №2264,1995
217,64,2265,УИК №2265,1367
217,64,2266,УИК №2266,1486
217,64,2267,УИК №2267,1333
217,64,2268,УИК №2268,1202
217,64,2269,УИК №2269,1333
217,64,2270,УИК №2270,2010
217,64,2271,УИК №2271,0
217,64,2272,УИК №2272,245
218,1,15,УИК №15,1748
218,1,16,УИК №16,1682
218,1,17,УИК №17,1611
218,1,18,УИК №18,1490
218,1,19,УИК №19,1518
218,1,20,УИК №20,1409
218,1,21,УИК №21,1698
218,1,22,УИК №22,1494
218,19,1279,УИК №1279,2844
218,19,1280,УИК №1280,1456
218,19,1281,УИК №1281,1636
218,19,1282,УИК №1282,3259
218,19,1283,УИК №1283,1511
218,19,1284,УИК №1284,1967
218,19,1285,УИК №1285,1799
218,19,1286,УИК №1286,1231
218,19,1287,УИК №1287,1185
218,19,1288,УИК №1288,1170
218,19,1289,УИК №1289,1107
218,19,1290,УИК №1290,2026
218,19,1291,УИК №1291,1095
218,19,1292,УИК №1292,1419
218,19,1293,УИК №1293,1124
218,19,1294,УИК №1294,1859
218,19,1295,УИК №1295,1216
218,19,1296,УИК №1296,1412
218,19,1297,УИК №1297,1527
218,19,1298,УИК №1298,2253
218,19,1299,УИК №1299,1633
218,19,1300,УИК №1300,2423
218,19,1301,УИК №1301,2131
218,19,1302,УИК №1302,974
218,19,1303,УИК №1303,2245
218,19,1304,УИК №1304,2150
218,19,1305,УИК №1305,1505
218,19,1306,УИК №1306,1469
218,19,1307,УИК №1307,2403
218,19,1308,УИК №1308,2197
218,19,1309,УИК №1309,2205
218,19,1310,УИК №1310,745
218,19,1311,УИК №1311,1255
218,19,1312,УИК №1312,1334
218,19,1313,УИК №1313,2023
218,19,1314,УИК №1314,1838
218,19,1315,УИК №1315,1934
218,19,1316,УИК №1316,2722
218,19,1317,УИК №1317,2031
218,19,1318,УИК №1318,1810
218,19,1319,УИК №1319,2233
218,19,1320,УИК №1320,1635
218,19,1321,УИК №1321,1585
218,19,1322,УИК №1322,2070
218,19,1323,УИК №1323,1840
218,19,1324,УИК №1324,1119
218,19,1354,УИК №1354,1631
218,19,1355,УИК №1355,2081
218,19,1357,УИК №1357,1639
218,19,1358,УИК №1358,3014
218,19,1359,УИК №1359,2688
218,20,1949,УИК №1949,1740
218,20,1950,УИК №1950,2380
218,20,1951,УИК №1951,2208
218,20,1952,УИК №1952,2595
218,20,1953,УИК №1953,2551
218,20,1954,УИК №1954,2356
218,20,1955,УИК №1955,2070
218,20,1956,УИК №1956,1370
218,20,1957,УИК №1957,1816
218,20,1958,УИК №1958,1566
218,20,1959,УИК №1959,1668
218,20,1960,УИК №1960,1856
218,20,1961,УИК №1961,2453
218,20,1962,УИК №1962,1944
218,20,1963,УИК №1963,2715
218,20,1964,УИК №1964,2546
218,20,1965,УИК №1965,2419
218,20,1966,УИК №1966,1823
218,20,1967,УИК №1967,1779
218,20,1968,УИК №1968,1831
218,20,1969,УИК №1969,2121
218,20,1970,УИК №1970,1541
218,20,1971,УИК №1971,2083
218,20,1972,УИК №1972,2105
218,20,1973,УИК №1973,963
218,20,1974,УИК №1974,2528
218,20,1975,УИК №1975,1909
218,20,1976,УИК №1976,1224
218,20,1977,УИК №1977,3054
218,20,1978,УИК №1978,2517
218,20,1979,УИК №1979,1796
218,20,1980,УИК №1980,1526
218,20,1981,УИК №1981,1533
218,20,1982,УИК №1982,2050
218,20,1983,УИК №1983,101
218,20,1984,УИК №1984,2306
218,20,1985,УИК №1985,1311
218,20,1986,УИК №1986,1982
218,20,1987,УИК №1987,321
218,20,1988,УИК №1988,1756
218,20,1989,УИК №1989,1517
218,20,1990,УИК №1990,1261
218,20,1991,УИК №1991,1045
218,20,1992,УИК №1992,2218
218,20,1993,УИК №1993,824
218,20,2010,УИК №2010,3349
218,20,2023,УИК №2023,150
218,20,2024,УИК №2024,874
218,27,1367,УИК №1367,2399
218,27,1368,УИК №1368,1983
218,27,1369,УИК №1369,1870
218,27,1370,УИК №1370,1714
218,27,1371,УИК №1371,2472
218,27,1372,УИК №1372,1323
218,27,1373,УИК №1373,1080
218,27,1374,УИК №1374,1107
218,27,1375,УИК №1375,2419
218,27,1376,УИК №1376,914
218,27,1377,УИК №1377,1454
218,27,1378,УИК №1378,1695
218,27,1379,УИК №1379,2067
218,27,1380,УИК №1380,2884
218,27,1381,УИК №1381,2003
218,27,1382,УИК №1382,1596
218,27,1383,УИК №1383,1901
218,27,1384,УИК №1384,1726
218,27,1385,УИК №1385,1113
218,27,1386,УИК №1386,1549
218,27,1387,УИК №1387,1585
218,27,1388,УИК №1388,1802
218,27,1389,УИК №1389,2385
218,27,1390,УИК №1390,2205
218,27,1391,УИК №1391,2189
218,27,1392,УИК №1392,1818
218,27,1393,УИК №1393,2745
218,27,1394,УИК №1394,2159
218,27,1395,УИК №1395,1490
218,27,1396,УИК №1396,1365
218,27,1397,УИК №1397,1566
218,27,1398,УИК №1398,2309
218,27,1399,УИК №1399,3422
218,27,1400,УИК №1400,1185
218,27,1401,УИК №1401,1712
218,27,1402,УИК №1402,1677
218,27,1403,УИК №1403,2556
218,27,1404,УИК №1404,3213
218,27,1405,УИК №1405,2382
218,27,1406,УИК №1406,2924
218,27,1407,УИК №1407,2766
218,27,1408,УИК №1408,1078
218,27,1409,УИК №1409,2064
218,27,1410,УИК №1410,2620
218,27,1411,УИК №1411,589
218,27,1412,УИК №1412,2394
218,27,1413,УИК №1413,3369
218,27,1414,УИК №1414,3424
218,27,1415,УИК №1415,2163
218,27,1416,УИК №1416,826
218,27,1417,УИК №1417,266
218,31,33,УИК №33,2267
218,31,34,УИК №34,1926
218,31,35,УИК №35,1136
218,31,36,УИК №36,1704
218,31,37,УИК №37,1044
218,31,38,УИК №38,1638
218,31,39,УИК №39,1816
218,31,40,УИК №40,1824
218,31,41,УИК №41,1012
218,31,42,УИК №42,1747
218,31,43,УИК №43,1750
218,31,44,УИК №44,1069
218,31,45,УИК №45,1742
218,31,46,УИК №46,1763
218,31,47,УИК №47,2485
218,31,48,УИК №48,1014
218,31,49,УИК №49,1756
218,31,50,УИК №50,2162
218,31,51,УИК №51,1700
218,31,52,УИК №52,2166
218,31,58,УИК №58,250
218,31,88,УИК №88,2827
218,31,89,УИК №89,2015
218,31,90,УИК №90,2658
218,48,1325,УИК №1325,1777
218,48,1326,УИК №1326,1456
218,48,1327,УИК №1327,1453
218,48,1328,УИК №1328,1782
218,48,1329,УИК №1329,1751
218,48,1330,УИК №1330,1516
218,48,1331,УИК №1331,972
218,48,1332,УИК №1332,1537
218,48,1333,УИК №1333,1227
218,48,1334,УИК №1334,1123
218,48,1335,УИК №1335,1885
218,48,1336,УИК №1336,2221
218,48,1337,УИК №1337,2869
218,48,1338,УИК №1338,1933
218,48,1339,УИК №1339,1869
218,48,1340,УИК №1340,2683
218,48,1341,УИК №1341,1182
218,48,1342,УИК №1342,1583
218,48,1343,УИК №1343,2825
218,48,1344,УИК №1344,2307
218,48,1345,УИК №1345,2579
218,48,1346,УИК №1346,2144
218,48,1347,УИК №1347,2093
218,48,1348,УИК №1348,2606
218,48,1349,УИК №1349,1996
218,48,1350,УИК №1350,2622
218,48,1351,УИК №1351,3340
218,48,1352,УИК №1352,2918
218,48,1353,УИК №1353,2869
218,48,1361,УИК №1361,2073
218,48,1362,УИК №1362,2814
218,48,1363,УИК №1363,2994
218,48,1364,УИК №1364,3120
218,48,1365,УИК №1365,1599
218,48,1366,УИК №1366,3058
218,48,2461,УИК №2461,98
218,48,2462,УИК №2462,17
218,59,1994,УИК №1994,2838
218,59,1995,УИК №1995,3581
218,59,1996,УИК №1996,3188
218,59,1997,УИК №1997,3197
218,59,1998,УИК №1998,3906
218,59,1999,УИК №1999,2049
218,59,2000,УИК №2000,3320
218,59,2001,УИК №2001,3395
218,59,2002,УИК №2002,1752
218,59,2003,УИК №2003,3015
218,59,2004,УИК №2004,2705
218,59,2005,УИК №2005,2654
218,59,2006,УИК №2006,2610
218,59,2007,УИК №2007,2050
218,59,2008,УИК №2008,1925
218,59,2009,УИК №2009,2590
218,59,2011,УИК №2011,3081
218,59,2012,УИК №2012,3000
218,59,2013,УИК №2013,2792
218,59,2014,УИК №2014,3347
218,59,2015,УИК №2015,2754
218,59,2016,УИК №2016,2906
218,59,2017,УИК №2017,3144
218,59,2018,УИК №2018,3514
218,59,2019,УИК №2019,3455
218,59,2020,УИК №2020,2131
218,59,2021,УИК №2021,1997
218,59,2022,УИК №2022,4919
218,59,2028,УИК №2028,3671
218,59,2029,УИК №2029,3162
