"oik_gd_id","tik_id","ТИК","15:00 18.09.2026 - число","15:00 18.09.2026 - процент","20:00 18.09.2026 - число","20:00 18.09.2026 - процент","15:00 19.09.2026 - число","15:00 19.09.2026 - процент","20:00 19.09.2026 - число","20:00 19.09.2026 - процент","10:00 20.09.2026 - процент","12:00 20.09.2026 - процент","15:00 20.09.2026 - процент","18:00 20.09.2026 - процент"
"211","5","ТИК №5","11413","17.54%","20354","31.25%","25667","39.36%","30102","46.16%","47.04%","48.60%","52.38%","55.81%"
"211","24","ТИК №24","14073","17.90%","22364","28.44%","31731","40.36%","35153","44.71%","47.54%","49.41%","54.48%","59.88%"
"211","25","ТИК №25","13257","13.84%","23953","25.01%","35136","36.69%","41693","43.54%","45.89%","48.05%","50.22%","51.90%"
"211","44","ТИК №44","3575","11.24%","7638","24.02%","10243","32.21%","13533","42.56%","42.71%","42.85%","42.97%","46.25%"
"211","49","ТИК №49","8433","19.58%","12882","29.90%","17254","40.02%","20095","46.61%","47.25%","47.77%","48.71%","56.16%"
"211","50","ТИК №50","8822","17.94%","15088","30.67%","17923","36.44%","21171","43.03%","44.27%","45.45%","46.52%","54.62%"
"211","51","ТИК №51","10449","18.56%","16483","29.28%","23129","41.08%","26228","46.58%","47.40%","48.88%","53.92%","57.82%"
"211","52","ТИК №52","9906","18.06%","16575","30.20%","23445","42.72%","25512","46.45%","46.75%","47.20%","51.88%","54.85%"
"211","53","ТИК №53","9304","17.79%","15312","29.27%","22040","42.13%","24531","46.04%","46.43%","48.15%","51.17%","54.58%"
"212","6","ТИК №6","12258","14.40%","22211","26.05%","27931","32.75%","32702","38.30%","38.90%","40.36%","45.15%","50.13%"
"212","8","ТИК №8","8835","14.56%","13328","21.96%","17585","29.02%","24093","39.77%","40.27%","41.47%","45.44%","49.42%"
"212","15","ТИК №15","5147","15.38%","9392","28.03%","11228","33.50%","14018","41.81%","42.02%","43.09%","47.83%","51.96%"
"212","26","ТИК №26","11200","17.68%","17862","28.20%","23277","36.75%","27849","43.97%","44.86%","44.86%","50.82%","55.99%"
"212","46","ТИК №46","13136","14.91%","25570","29.03%","29160","33.10%","35188","39.95%","41.01%","41.40%","46.47%","53.42%"
"212","47","ТИК №47","15223","14.61%","31012","29.76%","34737","33.33%","39482","37.88%","38.32%","39.52%","44.14%","50.13%"
"212","55","ТИК №55","4513","16.55%","7982","29.28%","9887","36.28%","11562","42.45%","43.24%","44.80%","48.19%","53.09%"
"213","14","ТИК №14","12173","14.28%","21668","25.41%","29101","34.13%","34945","40.98%","41.48%","42.28%","46.58%","48.09%"
"213","16","ТИК №16","3969","14.05%","6946","24.60%","9445","33.43%","11567","40.94%","41.65%","42.66%","46.43%","50.38%"
"213","18","ТИК №18","6816","12.29%","14028","25.29%","21024","37.90%","24598","44.34%","44.86%","46.09%","51.71%","56.06%"
"213","22","ТИК №22","15008","15.39%","26502","27.18%","34598","35.48%","40414","41.45%","40.46%","41.26%","45.56%","46.08%"
"213","30","ТИК №30","7444","14.90%","12501","25.01%","15858","31.71%","19520","39.03%","39.71%","40.47%","44.26%","49.07%"
"213","35","ТИК №35","10477","14.03%","18745","25.08%","26310","35.13%","30796","41.07%","41.63%","42.42%","46.41%","48.24%"
"213","37","ТИК №37","6365","12.89%","12484","25.21%","16239","32.78%","19992","40.30%","41.59%","42.96%","44.79%","46.80%"
"213","38","ТИК №38","10302","14.32%","18507","25.49%","24734","34.07%","30503","41.99%","43.93%","44.74%","48.37%","54.22%"
"213","54","ТИК №54","4681","11.84%","9697","24.51%","14609","36.92%","16786","42.42%","42.84%","43.61%","47.87%","52.29%"
"214","4","ТИК №4","8187","10.93%","18822","25.12%","26457","35.31%","33416","44.60%","44.72%","45.01%","45.74%","46.95%"
"214","10","ТИК №10","6188","13.36%","11504","24.80%","16203","34.91%","19154","41.25%","41.74%","42.53%","46.82%","48.31%"
"214","11","ТИК №11","12908","14.90%","21553","24.86%","27821","32.07%","34873","40.17%","40.68%","42.12%","45.67%","49.02%"
"214","17","ТИК №17","6178","12.19%","11159","22.02%","15231","29.93%","20012","39.30%","40.83%","42.08%","46.62%","51.54%"
"214","34","ТИК №34","7070","15.15%","11665","24.97%","16416","35.09%","18944","40.47%","41.18%","41.96%","46.62%","47.92%"
"214","36","ТИК №36","6946","14.98%","12194","26.25%","16298","35.05%","18949","40.69%","40.35%","41.02%","44.89%","48.39%"
"214","39","ТИК №39","8234","14.39%","14747","25.71%","20724","36.13%","24288","42.35%","42.67%","43.93%","48.56%","54.81%"
"214","40","ТИК №40","6397","11.99%","13108","24.56%","17543","32.78%","21134","39.49%","40.15%","41.35%","45.69%","50.84%"
"214","44","ТИК №44","5194","12.23%","11683","27.50%","15763","37.11%","21271","50.07%","50.23%","50.37%","50.80%","54.88%"
"214","45","ТИК №45","4023","9.20%","12619","28.85%","15467","35.32%","19032","43.46%","44.59%","46.71%","47.96%","49.13%"
"215","9","ТИК №9","9063","21.14%","12990","30.30%","15275","35.63%","17777","41.47%","47.39%","48.80%","50.97%","52.33%"
"215","12","ТИК №12","13143","9.99%","38821","29.50%","41248","31.34%","54410","41.34%","41.58%","42.05%","42.68%","48.69%"
"215","13","ТИК №13","7888","15.99%","12683","25.70%","16021","32.46%","21780","44.29%","44.31%","46.25%","50.37%","53.37%"
"215","28","ТИК №28","7957","13.31%","18274","30.56%","20857","34.88%","24320","40.67%","41.99%","43.57%","46.29%","49.74%"
"215","56","ТИК №56","11391","13.72%","26012","31.32%","29894","35.99%","35946","43.28%","43.19%","43.90%","47.44%","52.18%"
"215","57","ТИК №57","20841","25.04%","28417","34.14%","31505","37.85%","35673","42.85%","43.23%","43.80%","47.09%","50.11%"
"215","58","ТИК №58","11995","18.49%","21265","32.78%","24327","37.49%","27412","42.25%","44.41%","45.37%","47.71%","50.32%"
"216","1","ТИК №1","7017","18.56%","10560","27.92%","12401","32.79%","15422","40.57%","40.97%","41.92%","45.69%","51.79%"
"216","2","ТИК №2","7154","16.27%","12736","28.97%","16526","37.59%","19246","43.78%","44.55%","45.44%","49.74%","55.10%"
"216","3","ТИК №3","7727","17.90%","13723","31.79%","16106","37.28%","18163","42.05%","42.77%","43.99%","48.95%","53.06%"
"216","7","ТИК №7","9680","11.16%","26555","30.61%","32132","37.04%","40661","46.88%","47.35%","51.91%","53.51%","55.81%"
"216","31","ТИК №31","2912","17.57%","4255","25.68%","5098","30.78%","6926","41.81%","40.77%","41.86%","46.13%","52.19%"
"216","32","ТИК №32","8995","15.18%","16861","28.45%","20858","35.13%","24708","41.61%","42.75%","44.05%","47.84%","53.15%"
"216","33","ТИК №33","7427","14.49%","13984","27.28%","16896","32.97%","19747","38.53%","39.41%","40.57%","43.44%","47.77%"
"216","41","ТИК №41","7797","12.54%","10664","17.15%","13924","22.40%","16666","26.81%","28.27%","29.56%","33.45%","37.06%"
"216","42","ТИК №42","8750","15.16%","16699","28.88%","19711","34.07%","24121","41.56%","42.19%","44.05%","47.65%","50.44%"
"217","16","ТИК №16","1948","15.22%","3432","26.84%","4334","33.89%","5338","41.74%","42.20%","42.97%","47.60%","51.97%"
"217","21","ТИК №21","13257","11.60%","28290","24.69%","37112","32.37%","45973","40.06%","40.16%","42.51%","47.09%","51.03%"
"217","23","ТИК №23","8062","15.87%","14911","29.34%","17618","34.67%","19332","38.04%","39.22%","40.71%","44.64%","47.97%"
"217","29","ТИК №29","8742","13.52%","15984","24.71%","20166","31.18%","23101","35.72%","36.60%","38.73%","43.66%","46.43%"
"217","43","ТИК №43","3862","13.09%","7882","26.72%","9918","33.63%","12601","42.72%","43.40%","44.72%","49.18%","53.61%"
"217","60","ТИК №60","6067","14.64%","11553","27.68%","13587","32.52%","17225","40.94%","41.44%","42.99%","47.13%","52.07%"
"217","61","ТИК №61","4852","12.38%","9740","24.80%","12205","30.92%","14994","37.92%","38.18%","39.33%","43.60%","51.18%"
"217","62","ТИК №62","6160","14.15%","10920","24.97%","13105","29.91%","14846","33.86%","36.97%","40.31%","45.51%","48.11%"
"217","63","ТИК №63","7776","14.42%","15727","29.16%","19085","35.38%","21923","40.65%","41.34%","42.48%","45.42%","48.45%"
"217","64","ТИК №64","7036","14.67%","12464","25.97%","16160","33.64%","20038","41.71%","42.41%","42.82%","43.53%","45.01%"
"218","1","ТИК №1","1904","15.05%","3088","24.41%","3946","31.19%","4969","39.14%","39.27%","39.95%","43.91%","49.26%"
"218","19","ТИК №19","16742","18.23%","23341","25.41%","29452","32.07%","33844","36.80%","36.90%","37.24%","39.64%","42.51%"
"218","20","ТИК №20","12760","14.56%","22304","25.30%","27348","31.02%","35568","40.36%","40.54%","43.72%","48.24%","53.78%"
"218","27","ТИК №27","17983","18.07%","24860","24.98%","35788","35.96%","37539","37.72%","37.78%","39.21%","41.39%","45.16%"
"218","31","ТИК №31","6960","16.78%","10828","26.11%","12964","31.26%","17047","41.11%","41.59%","43.37%","47.92%","53.95%"
"218","48","ТИК №48","16310","21.78%","21150","28.24%","27335","36.50%","31579","42.17%","42.66%","43.37%","45.80%","49.37%"
"218","59","ТИК №59","11086","12.51%","21342","24.08%","26001","29.33%","36186","40.82%","40.88%","42.70%","47.91%","52.45%"
"","","","","","","","","","","","","","",""
"","","","","","","","","","","","","","",""
"","","","","","","","","","","","","","",""
"","","","","","","","","","","","","","",""
"","","","","","","","","","","","","","",""
"","","","","","","","","","","","","","",""
"","","","","","","","","","","","","","",""
"","","","","","","","","","","","","","",""
"","","","","","","","","","","","","","",""
"","","","","","","","","","","","","","",""
"","","","","","","","","","","","","","",""
"","","","","","","","","","","","","","",""
"","","","","","","","","","","","","","",""
"","","","","","","","","","","","","","",""
"","","","","","","","","","","","","","",""
"","","","","","","","","","","","","","",""
