"id_party_gd","party"
"1","Всероссийская политическая партия ""ЕДИНАЯ РОССИЯ"""
"2","Политическая партия ЛДПР – Либерально-демократическая партия России"
"3","Политическая партия ""Партия прямой демократии"""
"4","Политическая партия ""Российская экологическая партия ""ЗЕЛЁНЫЕ"""
"5","Социалистическая политическая партия СПРАВЕДЛИВАЯ РОССИЯ"
"6","ВСЕРОССИЙСКАЯ ПОЛИТИЧЕСКАЯ ПАРТИЯ ""РОДИНА"""
"7","КПРФ - политическая партия КОММУНИСТИЧЕСКАЯ ПАРТИЯ РОССИЙСКОЙ ФЕДЕРАЦИИ"
"8","Политическая партия ""РОССИЙСКАЯ ПАРТИЯ ПЕНСИОНЕРОВ ЗА СОЦИАЛЬНУЮ СПРАВЕДЛИВОСТЬ"""
"9","Политическая партия КОММУНИСТИЧЕСКАЯ ПАРТИЯ КОММУНИСТЫ РОССИИ"
"10","Политическая партия ""НОВЫЕ ЛЮДИ"""
