tik_id,tik_name,district,address,coords
1,ТИК №1,Адмиралтейский,"Измайловский проспект, дом 10","[59.913361,30.308214]"
31,ТИК №31,Адмиралтейский,"Измайловский проспект, дом 10","[59.913361,30.308214]"
2,ТИК №2,Василеостровский,"Большой проспект В.О., дом 55","[59.936332,30.271366]"
32,ТИК №32,Василеостровский,"Большой проспект В.О., дом 55","[59.936332,30.271366]"
33,ТИК №33,Василеостровский,"Большой проспект В.О., дом 55","[59.936332,30.271366]"
10,ТИК №10,Выборгский,"Большой Сампсониевский проспект, дом 86","[59.986151,30.333403]"
14,ТИК №14,Выборгский,"Большой Сампсониевский проспект, дом 86","[59.986151,30.333403]"
22,ТИК №22,Выборгский,"Большой Сампсониевский проспект, дом 86","[59.986151,30.333403]"
34,ТИК №34,Выборгский,"Большой Сампсониевский проспект, дом 86","[59.986151,30.333403]"
35,ТИК №35,Выборгский,"Большой Сампсониевский проспект, дом 86","[59.986151,30.333403]"
36,ТИК №36,Выборгский,"Большой Сампсониевский проспект, дом 86","[59.986151,30.333403]"
11,ТИК №11,Калининский,"Арсенальная набережная, дом 13/1","[59.953268,30.357487]"
17,ТИК №17,Калининский,"Арсенальная набережная, дом 13/1","[59.953268,30.357487]"
37,ТИК №37,Калининский,"Арсенальная набережная, дом 13/1","[59.953268,30.357487]"
38,ТИК №38,Калининский,"Арсенальная набережная, дом 13/1","[59.953268,30.357487]"
39,ТИК №39,Калининский,"Арсенальная набережная, дом 13/1","[59.953268,30.357487]"
40,ТИК №40,Калининский,"Арсенальная набережная, дом 13/1","[59.953268,30.357487]"
3,ТИК №3,Кировский,"проспект Стачек, дом 18","[59.894811,30.277815]"
7,ТИК №7,Кировский,"проспект Стачек, дом 18","[59.894811,30.277815]"
41,ТИК №41,Кировский,"проспект Стачек, дом 18","[59.894811,30.277815]"
42,ТИК №42,Кировский,"проспект Стачек, дом 18","[59.894811,30.277815]"
21,ТИК №21,Колпинский,"Колпинский район, Победы бульвар, дом 1","[59.748949,30.597652]"
43,ТИК №43,Колпинский,"Колпинский район, Победы бульвар, дом 1","[59.748949,30.597652]"
4,ТИК №4,Красногвардейский,"Среднеохтинский проспект, дом 52/11","[59.95876,30.41515]"
25,ТИК №25,Красногвардейский,"Среднеохтинский проспект, дом 52/11","[59.95876,30.41515]"
44,ТИК №44,Красногвардейский,"Среднеохтинский проспект, дом 52/11","[59.95876,30.41515]"
45,ТИК №45,Красногвардейский,"Среднеохтинский проспект, дом 52/11","[59.95876,30.41515]"
6,ТИК №6,Красносельский,"Партизана Германа улица, дом 3","[59.844384,30.171931]"
26,ТИК №26,Красносельский,"Партизана Германа улица, дом 3","[59.844384,30.171931]"
46,ТИК №46,Красносельский,"Партизана Германа улица, дом 3","[59.844384,30.171931]"
47,ТИК №47,Красносельский,"Партизана Германа улица, дом 3","[59.844384,30.171931]"
15,ТИК №15,Кронштадтский,"Кронштадтский район, проспект Ленина, дом 36","[59.991484,29.762138]"
13,ТИК №13,Курортный,"Сестрорецк, Свободы площадь, дом 1","[60.093748,29.972523]"
19,ТИК №19,Московский,"Московский проспект, дом 129","[59.884532,30.318734]"
27,ТИК №27,Московский,"Московский проспект, дом 129","[59.884532,30.318734]"
48,ТИК №48,Московский,"Московский проспект, дом 129","[59.884532,30.318734]"
5,ТИК №5,Невский,"проспект Обуховской обороны, дом 163, корпус 2","[59.87836,30.447804]"
24,ТИК №24,Невский,"проспект Обуховской обороны, дом 163, корпус 2","[59.87836,30.447804]"
49,ТИК №49,Невский,"проспект Обуховской обороны, дом 163, корпус 2","[59.87836,30.447804]"
50,ТИК №50,Невский,"проспект Обуховской обороны, дом 163, корпус 2","[59.87836,30.447804]"
51,ТИК №51,Невский,"проспект Обуховской обороны, дом 163, корпус 2","[59.87836,30.447804]"
52,ТИК №52,Невский,"проспект Обуховской обороны, дом 163, корпус 2","[59.87836,30.447804]"
53,ТИК №53,Невский,"проспект Обуховской обороны, дом 163, корпус 2","[59.87836,30.447804]"
18,ТИК №18,Петроградский,"Большая Монетная улица, дом 19","[59.961566,30.318401]"
54,ТИК №54,Петроградский,"Большая Монетная улица, дом 19","[59.961566,30.318401]"
8,ТИК №8,Петродворцовый,"Петродворцовый район, Калининская улица, дом 7","[59.881918,29.911456]"
55,ТИК №55,Петродворцовый,"Петродворцовый район, Калининская улица, дом 7","[59.881918,29.911456]"
9,ТИК №9,Приморский,"улица Савушкина, дом 83","[59.985827,30.252663]"
12,ТИК №12,Приморский,"улица Савушкина, дом 83","[59.985827,30.252663]"
28,ТИК №28,Приморский,"улица Савушкина, дом 83","[59.985827,30.252663]"
56,ТИК №56,Приморский,"улица Савушкина, дом 83","[59.985827,30.252663]"
57,ТИК №57,Приморский,"улица Савушкина, дом 83","[59.985827,30.252663]"
58,ТИК №58,Приморский,"улица Савушкина, дом 83","[59.985827,30.252663]"
20,ТИК №20,Пушкинский,"Пушкинский район, Октябрьский бульвар, дом 24","[59.72279,30.417414]"
59,ТИК №59,Пушкинский,"Пушкинский район, Октябрьский бульвар, дом 24","[59.72279,30.417414]"
23,ТИК №23,Фрунзенский,"Пражская улица, дом 46","[59.865149,30.402205]"
29,ТИК №29,Фрунзенский,"Пражская улица, дом 46","[59.865149,30.402205]"
60,ТИК №60,Фрунзенский,"Пражская улица, дом 46","[59.865149,30.402205]"
61,ТИК №61,Фрунзенский,"Пражская улица, дом 46","[59.865149,30.402205]"
62,ТИК №62,Фрунзенский,"Пражская улица, дом 46","[59.865149,30.402205]"
63,ТИК №63,Фрунзенский,"Пражская улица, дом 46","[59.865149,30.402205]"
16,ТИК №16,Центральный,"Невский проспект, дом 176","[59.925696,30.38096]"
30,ТИК №30,Центральный,"Невский проспект, дом 176","[59.925696,30.38096]"
64,ТИК №64,Центральный,"Невский проспект, дом 176","[59.925696,30.38096]"
